# Blender 5.1.1
# www.blender.org
mtllib Keyboard4.mtl
o Cube.049
v -0.322965 0.010719 0.075901
v -0.308629 0.010719 0.090237
v -0.321874 0.010719 0.081387
v -0.318766 0.010719 0.086038
v -0.314115 0.010719 0.089146
v -0.308629 0.000955 0.090237
v -0.322965 0.000955 0.075901
v -0.314115 0.000955 0.089146
v -0.318766 0.000955 0.086038
v -0.321874 0.000955 0.081387
v -0.308629 0.010719 -0.101529
v -0.322965 0.010719 -0.087193
v -0.314115 0.010719 -0.100438
v -0.318766 0.010719 -0.097330
v -0.321874 0.010719 -0.092679
v -0.322965 0.000955 -0.087193
v -0.308629 0.000955 -0.101529
v -0.321874 0.000955 -0.092679
v -0.318766 0.000955 -0.097330
v -0.314115 0.000955 -0.100438
v 0.308629 0.010719 0.090237
v 0.322965 0.010719 0.075901
v 0.314115 0.010719 0.089146
v 0.318766 0.010719 0.086038
v 0.321874 0.010719 0.081387
v 0.322965 0.000955 0.075901
v 0.308629 0.000955 0.090237
v 0.321874 0.000955 0.081387
v 0.318766 0.000955 0.086038
v 0.314115 0.000955 0.089146
v 0.322965 0.010719 -0.087193
v 0.308629 0.010719 -0.101529
v 0.321874 0.010719 -0.092679
v 0.318766 0.010719 -0.097330
v 0.314115 0.010719 -0.100438
v 0.308629 0.000955 -0.101529
v 0.322965 0.000955 -0.087193
v 0.314115 0.000955 -0.100438
v 0.318766 0.000955 -0.097330
v 0.321874 0.000955 -0.092679
v -0.192298 0.005687 0.051722
v -0.192035 0.006846 0.052871
v -0.193447 0.006846 0.051459
v -0.190129 0.015966 0.050965
v -0.189908 0.017125 0.049332
v -0.191541 0.015966 0.049553
v -0.192298 0.005687 0.028308
v -0.193447 0.006846 0.028571
v -0.192035 0.006846 0.027160
v -0.189908 0.017125 0.030698
v -0.190129 0.015966 0.029065
v -0.191541 0.015966 0.030477
v -0.168884 0.005687 0.051722
v -0.167736 0.006846 0.051459
v -0.169148 0.006846 0.052871
v -0.171274 0.017125 0.049332
v -0.171053 0.015966 0.050965
v -0.169641 0.015966 0.049553
v -0.168884 0.005687 0.028308
v -0.169148 0.006846 0.027160
v -0.167736 0.006846 0.028571
v -0.171274 0.017125 0.030698
v -0.169641 0.015966 0.030477
v -0.171053 0.015966 0.029065
v -0.165681 0.005687 0.051722
v -0.165418 0.006846 0.052871
v -0.166829 0.006846 0.051459
v -0.163512 0.015966 0.050965
v -0.163291 0.017125 0.049332
v -0.164924 0.015966 0.049553
v -0.165681 0.005687 0.028308
v -0.166829 0.006846 0.028571
v -0.165418 0.006846 0.027160
v -0.163291 0.017125 0.030698
v -0.163512 0.015966 0.029065
v -0.164924 0.015966 0.030477
v -0.142267 0.005687 0.051722
v -0.141119 0.006846 0.051459
v -0.142530 0.006846 0.052871
v -0.144657 0.017125 0.049332
v -0.144436 0.015966 0.050965
v -0.143024 0.015966 0.049553
v -0.142267 0.005687 0.028308
v -0.142530 0.006846 0.027160
v -0.141119 0.006846 0.028571
v -0.144657 0.017125 0.030698
v -0.143024 0.015966 0.030477
v -0.144436 0.015966 0.029065
v -0.137124 0.005687 0.051722
v -0.136861 0.006846 0.052871
v -0.138272 0.006846 0.051459
v -0.134955 0.015966 0.050965
v -0.134734 0.017125 0.049332
v -0.136367 0.015966 0.049553
v -0.137124 0.005687 0.028308
v -0.138272 0.006846 0.028571
v -0.136861 0.006846 0.027160
v -0.134734 0.017125 0.030698
v -0.134955 0.015966 0.029065
v -0.136367 0.015966 0.030477
v -0.113710 0.005687 0.051722
v -0.112562 0.006846 0.051459
v -0.113973 0.006846 0.052871
v -0.116100 0.017125 0.049332
v -0.115879 0.015966 0.050965
v -0.114467 0.015966 0.049553
v -0.113710 0.005687 0.028308
v -0.113973 0.006846 0.027160
v -0.112562 0.006846 0.028571
v -0.116100 0.017125 0.030698
v -0.114467 0.015966 0.030477
v -0.115879 0.015966 0.029065
v -0.109643 0.005687 0.051722
v -0.109380 0.006846 0.052871
v -0.110792 0.006846 0.051459
v -0.107475 0.015966 0.050965
v -0.107253 0.017125 0.049332
v -0.108886 0.015966 0.049553
v -0.109643 0.005687 0.028308
v -0.110792 0.006846 0.028571
v -0.109380 0.006846 0.027160
v -0.107253 0.017125 0.030698
v -0.107475 0.015966 0.029065
v -0.108886 0.015966 0.030477
v -0.086230 0.005687 0.051722
v -0.085081 0.006846 0.051459
v -0.086493 0.006846 0.052871
v -0.088619 0.017125 0.049332
v -0.088398 0.015966 0.050965
v -0.086987 0.015966 0.049553
v -0.086230 0.005687 0.028308
v -0.086493 0.006846 0.027160
v -0.085081 0.006846 0.028571
v -0.088619 0.017125 0.030698
v -0.086987 0.015966 0.030477
v -0.088398 0.015966 0.029065
v -0.081808 0.005687 0.051722
v -0.081545 0.006846 0.052871
v -0.082957 0.006846 0.051459
v -0.079640 0.015966 0.050965
v -0.079419 0.017125 0.049332
v -0.081051 0.015966 0.049553
v -0.081808 0.005687 0.028308
v -0.082957 0.006846 0.028571
v -0.081545 0.006846 0.027160
v -0.079419 0.017125 0.030698
v -0.079640 0.015966 0.029065
v -0.081051 0.015966 0.030477
v -0.058395 0.005687 0.051722
v -0.057246 0.006846 0.051459
v -0.058658 0.006846 0.052871
v -0.060785 0.017125 0.049332
v -0.060563 0.015966 0.050965
v -0.059152 0.015966 0.049553
v -0.058395 0.005687 0.028308
v -0.058658 0.006846 0.027160
v -0.057246 0.006846 0.028571
v -0.060785 0.017125 0.030698
v -0.059152 0.015966 0.030477
v -0.060563 0.015966 0.029065
v -0.054172 0.005687 0.051722
v -0.053909 0.006846 0.052871
v -0.055320 0.006846 0.051459
v -0.052003 0.015966 0.050965
v -0.051782 0.017125 0.049332
v -0.053415 0.015966 0.049553
v -0.054172 0.005687 0.028308
v -0.055320 0.006846 0.028571
v -0.053909 0.006846 0.027160
v -0.051782 0.017125 0.030698
v -0.052003 0.015966 0.029065
v -0.053415 0.015966 0.030477
v -0.030758 0.005687 0.051722
v -0.029610 0.006846 0.051459
v -0.031021 0.006846 0.052871
v -0.033148 0.017125 0.049332
v -0.032927 0.015966 0.050965
v -0.031515 0.015966 0.049553
v -0.030758 0.005687 0.028308
v -0.031021 0.006846 0.027160
v -0.029610 0.006846 0.028571
v -0.033148 0.017125 0.030698
v -0.031515 0.015966 0.030477
v -0.032927 0.015966 0.029065
v -0.026267 0.005687 0.051722
v -0.026004 0.006846 0.052871
v -0.027415 0.006846 0.051459
v -0.024098 0.015966 0.050965
v -0.023877 0.017125 0.049332
v -0.025510 0.015966 0.049553
v -0.026267 0.005687 0.028308
v -0.027415 0.006846 0.028571
v -0.026004 0.006846 0.027160
v -0.023877 0.017125 0.030698
v -0.024098 0.015966 0.029065
v -0.025510 0.015966 0.030477
v -0.002853 0.005687 0.051722
v -0.001705 0.006846 0.051459
v -0.003116 0.006846 0.052871
v -0.005243 0.017125 0.049332
v -0.005022 0.015966 0.050965
v -0.003610 0.015966 0.049553
v -0.002853 0.005687 0.028308
v -0.003116 0.006846 0.027160
v -0.001705 0.006846 0.028571
v -0.005243 0.017125 0.030698
v -0.003610 0.015966 0.030477
v -0.005022 0.015966 0.029065
v 0.001177 0.005687 0.051722
v 0.001440 0.006846 0.052871
v 0.000029 0.006846 0.051459
v 0.003346 0.015966 0.050965
v 0.003567 0.017125 0.049332
v 0.001934 0.015966 0.049553
v 0.001177 0.005687 0.028308
v 0.000029 0.006846 0.028571
v 0.001440 0.006846 0.027160
v 0.003567 0.017125 0.030698
v 0.003346 0.015966 0.029065
v 0.001934 0.015966 0.030477
v 0.024591 0.005687 0.051722
v 0.025739 0.006846 0.051459
v 0.024328 0.006846 0.052871
v 0.022201 0.017125 0.049332
v 0.022422 0.015966 0.050965
v 0.023834 0.015966 0.049553
v 0.024591 0.005687 0.028308
v 0.024328 0.006846 0.027160
v 0.025739 0.006846 0.028571
v 0.022201 0.017125 0.030698
v 0.023834 0.015966 0.030477
v 0.022422 0.015966 0.029065
v -0.248609 0.005687 0.051722
v -0.248346 0.006846 0.052871
v -0.249757 0.006846 0.051459
v -0.246440 0.015966 0.050965
v -0.246219 0.017125 0.049332
v -0.247852 0.015966 0.049553
v -0.248609 0.005687 0.028308
v -0.249757 0.006846 0.028571
v -0.248346 0.006846 0.027160
v -0.246219 0.017125 0.030698
v -0.246440 0.015966 0.029065
v -0.247852 0.015966 0.030477
v -0.225195 0.005687 0.051722
v -0.224047 0.006846 0.051459
v -0.225458 0.006846 0.052871
v -0.227585 0.017125 0.049332
v -0.227364 0.015966 0.050965
v -0.225952 0.015966 0.049553
v -0.225195 0.005687 0.028308
v -0.225458 0.006846 0.027160
v -0.224047 0.006846 0.028571
v -0.227585 0.017125 0.030698
v -0.225952 0.015966 0.030477
v -0.227364 0.015966 0.029065
v -0.221348 0.005687 0.051722
v -0.221085 0.006846 0.052871
v -0.222497 0.006846 0.051459
v -0.219180 0.015966 0.050965
v -0.218959 0.017125 0.049332
v -0.220592 0.015966 0.049553
v -0.221348 0.005687 0.028308
v -0.222497 0.006846 0.028571
v -0.221085 0.006846 0.027160
v -0.218959 0.017125 0.030698
v -0.219180 0.015966 0.029065
v -0.220592 0.015966 0.030477
v -0.197935 0.005687 0.051722
v -0.196786 0.006846 0.051459
v -0.198198 0.006846 0.052871
v -0.200325 0.017125 0.049332
v -0.200104 0.015966 0.050965
v -0.198692 0.015966 0.049553
v -0.197935 0.005687 0.028308
v -0.198198 0.006846 0.027160
v -0.196786 0.006846 0.028571
v -0.200325 0.017125 0.030698
v -0.198692 0.015966 0.030477
v -0.200104 0.015966 0.029065
v -0.312248 0.005687 0.051722
v -0.311985 0.006846 0.052871
v -0.313396 0.006846 0.051459
v -0.310079 0.015966 0.050965
v -0.309858 0.017125 0.049332
v -0.311491 0.015966 0.049553
v -0.312248 0.005687 0.028308
v -0.313396 0.006846 0.028571
v -0.311985 0.006846 0.027160
v -0.309858 0.017125 0.030698
v -0.310079 0.015966 0.029065
v -0.311491 0.015966 0.030477
v -0.282394 0.005687 0.051722
v -0.281245 0.006846 0.051459
v -0.282657 0.006846 0.052871
v -0.284784 0.017125 0.049332
v -0.284562 0.015966 0.050965
v -0.283151 0.015966 0.049553
v -0.282394 0.005687 0.028308
v -0.282657 0.006846 0.027160
v -0.281245 0.006846 0.028571
v -0.284784 0.017125 0.030698
v -0.283151 0.015966 0.030477
v -0.284562 0.015966 0.029065
v -0.200181 0.005687 0.078645
v -0.199917 0.006846 0.079767
v -0.201329 0.006846 0.078388
v -0.198012 0.015966 0.077906
v -0.197791 0.017125 0.076312
v -0.199424 0.015966 0.076528
v -0.200181 0.005687 0.055783
v -0.201329 0.006846 0.056039
v -0.199917 0.006846 0.054661
v -0.197791 0.017125 0.058116
v -0.198012 0.015966 0.056522
v -0.199424 0.015966 0.057900
v -0.042445 0.005687 0.078645
v -0.041296 0.006846 0.078388
v -0.042708 0.006846 0.079767
v -0.044834 0.017125 0.076312
v -0.044613 0.015966 0.077906
v -0.043201 0.015966 0.076528
v -0.042445 0.005687 0.055783
v -0.042708 0.006846 0.054661
v -0.041296 0.006846 0.056039
v -0.044834 0.017125 0.058116
v -0.043201 0.015966 0.057900
v -0.044613 0.015966 0.056522
v -0.312248 0.005687 0.079120
v -0.311985 0.006846 0.080269
v -0.313396 0.006846 0.078857
v -0.310079 0.015966 0.078363
v -0.309858 0.017125 0.076730
v -0.311491 0.015966 0.076951
v -0.312248 0.005687 0.055706
v -0.313396 0.006846 0.055970
v -0.311985 0.006846 0.054558
v -0.309858 0.017125 0.058096
v -0.310079 0.015966 0.056463
v -0.311491 0.015966 0.057875
v -0.274958 0.005687 0.079120
v -0.273809 0.006846 0.078857
v -0.275221 0.006846 0.080269
v -0.277348 0.017125 0.076730
v -0.277126 0.015966 0.078363
v -0.275715 0.015966 0.076951
v -0.274958 0.005687 0.055706
v -0.275221 0.006846 0.054558
v -0.273809 0.006846 0.055970
v -0.277348 0.017125 0.058096
v -0.275715 0.015966 0.057875
v -0.277126 0.015966 0.056463
v -0.270062 0.005687 0.079120
v -0.269799 0.006846 0.080269
v -0.271210 0.006846 0.078857
v -0.267893 0.015966 0.078363
v -0.267672 0.017125 0.076730
v -0.269305 0.015966 0.076951
v -0.270062 0.005687 0.055706
v -0.271210 0.006846 0.055970
v -0.269799 0.006846 0.054558
v -0.267672 0.017125 0.058096
v -0.267893 0.015966 0.056463
v -0.269305 0.015966 0.057875
v -0.238906 0.005687 0.079120
v -0.237758 0.006846 0.078857
v -0.239169 0.006846 0.080269
v -0.241296 0.017125 0.076730
v -0.241075 0.015966 0.078363
v -0.239663 0.015966 0.076951
v -0.238906 0.005687 0.055706
v -0.239169 0.006846 0.054558
v -0.237758 0.006846 0.055970
v -0.241296 0.017125 0.058096
v -0.239663 0.015966 0.057875
v -0.241075 0.015966 0.056463
v -0.237121 0.005687 0.079120
v -0.236858 0.006846 0.080269
v -0.238269 0.006846 0.078857
v -0.234952 0.015966 0.078363
v -0.234731 0.017125 0.076730
v -0.236364 0.015966 0.076951
v -0.237121 0.005687 0.055706
v -0.238269 0.006846 0.055970
v -0.236858 0.006846 0.054558
v -0.234731 0.017125 0.058096
v -0.234952 0.015966 0.056463
v -0.236364 0.015966 0.057875
v -0.204431 0.005687 0.079120
v -0.203283 0.006846 0.078857
v -0.204694 0.006846 0.080269
v -0.206821 0.017125 0.076730
v -0.206600 0.015966 0.078363
v -0.205188 0.015966 0.076951
v -0.204431 0.005687 0.055706
v -0.204694 0.006846 0.054558
v -0.203283 0.006846 0.055970
v -0.206821 0.017125 0.058096
v -0.205188 0.015966 0.057875
v -0.206600 0.015966 0.056463
v -0.040180 0.005687 0.078930
v -0.039917 0.006846 0.080078
v -0.041329 0.006846 0.078667
v -0.038012 0.015966 0.078173
v -0.037790 0.017125 0.076540
v -0.039423 0.015966 0.076761
v -0.040180 0.005687 0.055516
v -0.041329 0.006846 0.055779
v -0.039917 0.006846 0.054368
v -0.037790 0.017125 0.057906
v -0.038012 0.015966 0.056273
v -0.039423 0.015966 0.057685
v -0.008731 0.005687 0.078930
v -0.007583 0.006846 0.078667
v -0.008994 0.006846 0.080078
v -0.011121 0.017125 0.076540
v -0.010900 0.015966 0.078173
v -0.009488 0.015966 0.076761
v -0.008731 0.005687 0.055516
v -0.008994 0.006846 0.054368
v -0.007583 0.006846 0.055779
v -0.011121 0.017125 0.057906
v -0.009488 0.015966 0.057685
v -0.010900 0.015966 0.056273
v -0.004677 0.005687 0.079201
v -0.004414 0.006846 0.080349
v -0.005825 0.006846 0.078938
v -0.002508 0.015966 0.078444
v -0.002287 0.017125 0.076811
v -0.003920 0.015966 0.077032
v -0.004677 0.005687 0.055787
v -0.005825 0.006846 0.056050
v -0.004414 0.006846 0.054639
v -0.002287 0.017125 0.058177
v -0.002508 0.015966 0.056544
v -0.003920 0.015966 0.057956
v 0.024768 0.005687 0.079201
v 0.025917 0.006846 0.078938
v 0.024505 0.006846 0.080349
v 0.022378 0.017125 0.076811
v 0.022599 0.015966 0.078444
v 0.024011 0.015966 0.077032
v 0.024768 0.005687 0.055787
v 0.024505 0.006846 0.054639
v 0.025917 0.006846 0.056050
v 0.022378 0.017125 0.058177
v 0.024011 0.015966 0.057956
v 0.022599 0.015966 0.056544
v 0.030015 0.005687 0.079201
v 0.030278 0.006846 0.080349
v 0.028866 0.006846 0.078938
v 0.032183 0.015966 0.078444
v 0.032404 0.017125 0.076811
v 0.030772 0.015966 0.077032
v 0.030015 0.005687 0.055787
v 0.028866 0.006846 0.056050
v 0.030278 0.006846 0.054639
v 0.032404 0.017125 0.058177
v 0.032183 0.015966 0.056544
v 0.030772 0.015966 0.057956
v 0.059995 0.005687 0.079201
v 0.061144 0.006846 0.078938
v 0.059732 0.006846 0.080349
v 0.057605 0.017125 0.076811
v 0.057827 0.015966 0.078444
v 0.059238 0.015966 0.077032
v 0.059995 0.005687 0.055787
v 0.059732 0.006846 0.054639
v 0.061144 0.006846 0.056050
v 0.057605 0.017125 0.058177
v 0.059238 0.015966 0.057956
v 0.057827 0.015966 0.056544
v 0.064589 0.005687 0.079201
v 0.064852 0.006846 0.080349
v 0.063440 0.006846 0.078938
v 0.066757 0.015966 0.078444
v 0.066979 0.017125 0.076811
v 0.065346 0.015966 0.077032
v 0.064589 0.005687 0.055787
v 0.063440 0.006846 0.056050
v 0.064852 0.006846 0.054639
v 0.066979 0.017125 0.058177
v 0.066757 0.015966 0.056544
v 0.065346 0.015966 0.057956
v 0.102197 0.005687 0.079201
v 0.103345 0.006846 0.078938
v 0.101933 0.006846 0.080349
v 0.099807 0.017125 0.076811
v 0.100028 0.015966 0.078444
v 0.101440 0.015966 0.077032
v 0.102197 0.005687 0.055787
v 0.101933 0.006846 0.054639
v 0.103345 0.006846 0.056050
v 0.099807 0.017125 0.058177
v 0.101440 0.015966 0.057956
v 0.100028 0.015966 0.056544
v 0.144329 0.005687 0.049793
v 0.144592 0.006846 0.050941
v 0.143181 0.006846 0.049529
v 0.146498 0.015966 0.049036
v 0.146719 0.017125 0.047403
v 0.145086 0.015966 0.047624
v 0.144329 0.005687 0.026379
v 0.143181 0.006846 0.026642
v 0.144592 0.006846 0.025230
v 0.146719 0.017125 0.028769
v 0.146498 0.015966 0.027136
v 0.145086 0.015966 0.028548
v 0.167743 0.005687 0.049793
v 0.168891 0.006846 0.049529
v 0.167480 0.006846 0.050941
v 0.165353 0.017125 0.047403
v 0.165574 0.015966 0.049036
v 0.166986 0.015966 0.047624
v 0.167743 0.005687 0.026379
v 0.167480 0.006846 0.025230
v 0.168891 0.006846 0.026642
v 0.165353 0.017125 0.028769
v 0.166986 0.015966 0.028548
v 0.165574 0.015966 0.027136
v 0.115684 0.005687 0.076944
v 0.115947 0.006846 0.078093
v 0.114536 0.006846 0.076681
v 0.117853 0.015966 0.076188
v 0.118074 0.017125 0.074555
v 0.116441 0.015966 0.074776
v 0.115684 0.005687 0.053531
v 0.114536 0.006846 0.053794
v 0.115947 0.006846 0.052382
v 0.118074 0.017125 0.055921
v 0.117853 0.015966 0.054288
v 0.116441 0.015966 0.055700
v 0.139098 0.005687 0.076944
v 0.140246 0.006846 0.076681
v 0.138835 0.006846 0.078093
v 0.136708 0.017125 0.074555
v 0.136929 0.015966 0.076188
v 0.138341 0.015966 0.074776
v 0.139098 0.005687 0.053531
v 0.138835 0.006846 0.052382
v 0.140246 0.006846 0.053794
v 0.136708 0.017125 0.055921
v 0.138341 0.015966 0.055700
v 0.136929 0.015966 0.054288
v 0.144236 0.005687 0.076944
v 0.144499 0.006846 0.078093
v 0.143087 0.006846 0.076681
v 0.146404 0.015966 0.076188
v 0.146626 0.017125 0.074555
v 0.144993 0.015966 0.074776
v 0.144236 0.005687 0.053531
v 0.143087 0.006846 0.053794
v 0.144499 0.006846 0.052382
v 0.146626 0.017125 0.055921
v 0.146404 0.015966 0.054288
v 0.144993 0.015966 0.055700
v 0.167649 0.005687 0.076944
v 0.168798 0.006846 0.076681
v 0.167386 0.006846 0.078093
v 0.165260 0.017125 0.074555
v 0.165481 0.015966 0.076188
v 0.166892 0.015966 0.074776
v 0.167649 0.005687 0.053531
v 0.167386 0.006846 0.052382
v 0.168798 0.006846 0.053794
v 0.165260 0.017125 0.055921
v 0.166892 0.015966 0.055700
v 0.165481 0.015966 0.054288
v 0.172469 0.005687 0.076944
v 0.172732 0.006846 0.078093
v 0.171320 0.006846 0.076681
v 0.174637 0.015966 0.076188
v 0.174858 0.017125 0.074555
v 0.173226 0.015966 0.074776
v 0.172469 0.005687 0.053531
v 0.171320 0.006846 0.053794
v 0.172732 0.006846 0.052382
v 0.174858 0.017125 0.055921
v 0.174637 0.015966 0.054288
v 0.173226 0.015966 0.055700
v 0.195882 0.005687 0.076944
v 0.197031 0.006846 0.076681
v 0.195619 0.006846 0.078093
v 0.193492 0.017125 0.074555
v 0.193713 0.015966 0.076188
v 0.195125 0.015966 0.074776
v 0.195882 0.005687 0.053531
v 0.195619 0.006846 0.052382
v 0.197031 0.006846 0.053794
v 0.193492 0.017125 0.055921
v 0.195125 0.015966 0.055700
v 0.193713 0.015966 0.054288
v 0.029139 0.005687 0.051722
v 0.029402 0.006846 0.052871
v 0.027990 0.006846 0.051459
v 0.031307 0.015966 0.050965
v 0.031529 0.017125 0.049332
v 0.029896 0.015966 0.049553
v 0.029139 0.005687 0.028308
v 0.027990 0.006846 0.028571
v 0.029402 0.006846 0.027160
v 0.031529 0.017125 0.030698
v 0.031307 0.015966 0.029065
v 0.029896 0.015966 0.030477
v 0.101258 0.005687 0.051722
v 0.102407 0.006846 0.051459
v 0.100995 0.006846 0.052871
v 0.098869 0.017125 0.049332
v 0.099090 0.015966 0.050965
v 0.100501 0.015966 0.049553
v 0.101258 0.005687 0.028308
v 0.100995 0.006846 0.027160
v 0.102407 0.006846 0.028571
v 0.098869 0.017125 0.030698
v 0.100501 0.015966 0.030477
v 0.099090 0.015966 0.029065
v -0.179493 0.005687 0.023525
v -0.179230 0.006846 0.024673
v -0.180642 0.006846 0.023262
v -0.177325 0.015966 0.022768
v -0.177103 0.017125 0.021135
v -0.178736 0.015966 0.021356
v -0.179493 0.005687 0.000111
v -0.180642 0.006846 0.000374
v -0.179230 0.006846 -0.001037
v -0.177103 0.017125 0.002501
v -0.177325 0.015966 0.000868
v -0.178736 0.015966 0.002280
v -0.156080 0.005687 0.023525
v -0.154931 0.006846 0.023262
v -0.156343 0.006846 0.024673
v -0.158469 0.017125 0.021135
v -0.158248 0.015966 0.022768
v -0.156837 0.015966 0.021356
v -0.156080 0.005687 0.000111
v -0.156343 0.006846 -0.001037
v -0.154931 0.006846 0.000374
v -0.158469 0.017125 0.002501
v -0.156837 0.015966 0.002280
v -0.158248 0.015966 0.000868
v -0.151369 0.005687 0.023525
v -0.151106 0.006846 0.024673
v -0.152518 0.006846 0.023262
v -0.149201 0.015966 0.022768
v -0.148980 0.017125 0.021135
v -0.150612 0.015966 0.021356
v -0.151369 0.005687 0.000111
v -0.152518 0.006846 0.000374
v -0.151106 0.006846 -0.001037
v -0.148980 0.017125 0.002501
v -0.149201 0.015966 0.000868
v -0.150612 0.015966 0.002280
v -0.127956 0.005687 0.023525
v -0.126807 0.006846 0.023262
v -0.128219 0.006846 0.024673
v -0.130346 0.017125 0.021135
v -0.130124 0.015966 0.022768
v -0.128713 0.015966 0.021356
v -0.127956 0.005687 0.000111
v -0.128219 0.006846 -0.001037
v -0.126807 0.006846 0.000374
v -0.130346 0.017125 0.002501
v -0.128713 0.015966 0.002280
v -0.130124 0.015966 0.000868
v -0.123988 0.005687 0.023525
v -0.123725 0.006846 0.024673
v -0.125137 0.006846 0.023262
v -0.121820 0.015966 0.022768
v -0.121599 0.017125 0.021135
v -0.123231 0.015966 0.021356
v -0.123988 0.005687 0.000111
v -0.125137 0.006846 0.000374
v -0.123725 0.006846 -0.001037
v -0.121599 0.017125 0.002501
v -0.121820 0.015966 0.000868
v -0.123231 0.015966 0.002280
v -0.100575 0.005687 0.023525
v -0.099426 0.006846 0.023262
v -0.100838 0.006846 0.024673
v -0.102965 0.017125 0.021135
v -0.102743 0.015966 0.022768
v -0.101332 0.015966 0.021356
v -0.100575 0.005687 0.000111
v -0.100838 0.006846 -0.001037
v -0.099426 0.006846 0.000374
v -0.102965 0.017125 0.002501
v -0.101332 0.015966 0.002280
v -0.102743 0.015966 0.000868
v -0.096235 0.005687 0.023525
v -0.095972 0.006846 0.024673
v -0.097383 0.006846 0.023262
v -0.094066 0.015966 0.022768
v -0.093845 0.017125 0.021135
v -0.095478 0.015966 0.021356
v -0.096235 0.005687 0.000111
v -0.097383 0.006846 0.000374
v -0.095972 0.006846 -0.001037
v -0.093845 0.017125 0.002501
v -0.094066 0.015966 0.000868
v -0.095478 0.015966 0.002280
v -0.072821 0.005687 0.023525
v -0.071673 0.006846 0.023262
v -0.073084 0.006846 0.024673
v -0.075211 0.017125 0.021135
v -0.074990 0.015966 0.022768
v -0.073578 0.015966 0.021356
v -0.072821 0.005687 0.000111
v -0.073084 0.006846 -0.001037
v -0.071673 0.006846 0.000374
v -0.075211 0.017125 0.002501
v -0.073578 0.015966 0.002280
v -0.074990 0.015966 0.000868
v -0.068553 0.005687 0.023525
v -0.068290 0.006846 0.024673
v -0.069702 0.006846 0.023262
v -0.066384 0.015966 0.022768
v -0.066163 0.017125 0.021135
v -0.067796 0.015966 0.021356
v -0.068553 0.005687 0.000111
v -0.069702 0.006846 0.000374
v -0.068290 0.006846 -0.001037
v -0.066163 0.017125 0.002501
v -0.066384 0.015966 0.000868
v -0.067796 0.015966 0.002280
v -0.045140 0.005687 0.023525
v -0.043991 0.006846 0.023262
v -0.045403 0.006846 0.024673
v -0.047529 0.017125 0.021135
v -0.047308 0.015966 0.022768
v -0.045897 0.015966 0.021356
v -0.045140 0.005687 0.000111
v -0.045403 0.006846 -0.001037
v -0.043991 0.006846 0.000374
v -0.047529 0.017125 0.002501
v -0.045897 0.015966 0.002280
v -0.047308 0.015966 0.000868
v -0.040589 0.005687 0.023525
v -0.040326 0.006846 0.024673
v -0.041738 0.006846 0.023262
v -0.038421 0.015966 0.022768
v -0.038199 0.017125 0.021135
v -0.039832 0.015966 0.021356
v -0.040589 0.005687 0.000111
v -0.041738 0.006846 0.000374
v -0.040326 0.006846 -0.001037
v -0.038199 0.017125 0.002501
v -0.038421 0.015966 0.000868
v -0.039832 0.015966 0.002280
v -0.017176 0.005687 0.023525
v -0.016027 0.006846 0.023262
v -0.017439 0.006846 0.024673
v -0.019565 0.017125 0.021135
v -0.019344 0.015966 0.022768
v -0.017933 0.015966 0.021356
v -0.017176 0.005687 0.000111
v -0.017439 0.006846 -0.001037
v -0.016027 0.006846 0.000374
v -0.019565 0.017125 0.002501
v -0.017933 0.015966 0.002280
v -0.019344 0.015966 0.000868
v -0.012506 0.005687 0.023525
v -0.012243 0.006846 0.024673
v -0.013655 0.006846 0.023262
v -0.010338 0.015966 0.022768
v -0.010117 0.017125 0.021135
v -0.011749 0.015966 0.021356
v -0.012506 0.005687 0.000111
v -0.013655 0.006846 0.000374
v -0.012243 0.006846 -0.001037
v -0.010117 0.017125 0.002501
v -0.010338 0.015966 0.000868
v -0.011749 0.015966 0.002280
v 0.010907 0.005687 0.023525
v 0.012056 0.006846 0.023262
v 0.010644 0.006846 0.024673
v 0.008517 0.017125 0.021135
v 0.008739 0.015966 0.022768
v 0.010150 0.015966 0.021356
v 0.010907 0.005687 0.000111
v 0.010644 0.006846 -0.001037
v 0.012056 0.006846 0.000374
v 0.008517 0.017125 0.002501
v 0.010150 0.015966 0.002280
v 0.008739 0.015966 0.000868
v 0.015489 0.005687 0.023525
v 0.015752 0.006846 0.024673
v 0.014340 0.006846 0.023262
v 0.017657 0.015966 0.022768
v 0.017879 0.017125 0.021135
v 0.016246 0.015966 0.021356
v 0.015489 0.005687 0.000111
v 0.014340 0.006846 0.000374
v 0.015752 0.006846 -0.001037
v 0.017879 0.017125 0.002501
v 0.017657 0.015966 0.000868
v 0.016246 0.015966 0.002280
v 0.038902 0.005687 0.023525
v 0.040051 0.006846 0.023262
v 0.038639 0.006846 0.024673
v 0.036513 0.017125 0.021135
v 0.036734 0.015966 0.022768
v 0.038145 0.015966 0.021356
v 0.038902 0.005687 0.000111
v 0.038639 0.006846 -0.001037
v 0.040051 0.006846 0.000374
v 0.036513 0.017125 0.002501
v 0.038145 0.015966 0.002280
v 0.036734 0.015966 0.000868
v -0.235691 0.005687 0.023525
v -0.235428 0.006846 0.024673
v -0.236839 0.006846 0.023262
v -0.233522 0.015966 0.022768
v -0.233301 0.017125 0.021135
v -0.234934 0.015966 0.021356
v -0.235691 0.005687 0.000111
v -0.236839 0.006846 0.000374
v -0.235428 0.006846 -0.001037
v -0.233301 0.017125 0.002501
v -0.233522 0.015966 0.000868
v -0.234934 0.015966 0.002280
v -0.212277 0.005687 0.023525
v -0.211129 0.006846 0.023262
v -0.212540 0.006846 0.024673
v -0.214667 0.017125 0.021135
v -0.214446 0.015966 0.022768
v -0.213034 0.015966 0.021356
v -0.212277 0.005687 0.000111
v -0.212540 0.006846 -0.001037
v -0.211129 0.006846 0.000374
v -0.214667 0.017125 0.002501
v -0.213034 0.015966 0.002280
v -0.214446 0.015966 0.000868
v -0.207855 0.005687 0.023525
v -0.207592 0.006846 0.024673
v -0.209003 0.006846 0.023262
v -0.205686 0.015966 0.022768
v -0.205465 0.017125 0.021135
v -0.207098 0.015966 0.021356
v -0.207855 0.005687 0.000111
v -0.209003 0.006846 0.000374
v -0.207592 0.006846 -0.001037
v -0.205465 0.017125 0.002501
v -0.205686 0.015966 0.000868
v -0.207098 0.015966 0.002280
v -0.184441 0.005687 0.023525
v -0.183293 0.006846 0.023262
v -0.184704 0.006846 0.024673
v -0.186831 0.017125 0.021135
v -0.186610 0.015966 0.022768
v -0.185198 0.015966 0.021356
v -0.184441 0.005687 0.000111
v -0.184704 0.006846 -0.001037
v -0.183293 0.006846 0.000374
v -0.186831 0.017125 0.002501
v -0.185198 0.015966 0.002280
v -0.186610 0.015966 0.000868
v -0.263381 0.005687 0.023525
v -0.263118 0.006846 0.024673
v -0.264530 0.006846 0.023262
v -0.261212 0.015966 0.022768
v -0.260991 0.017125 0.021135
v -0.262624 0.015966 0.021356
v -0.263381 0.005687 0.000111
v -0.264530 0.006846 0.000374
v -0.263118 0.006846 -0.001037
v -0.260991 0.017125 0.002501
v -0.261212 0.015966 0.000868
v -0.262624 0.015966 0.002280
v -0.239967 0.005687 0.023525
v -0.238819 0.006846 0.023262
v -0.240231 0.006846 0.024673
v -0.242357 0.017125 0.021135
v -0.242136 0.015966 0.022768
v -0.240724 0.015966 0.021356
v -0.239967 0.005687 0.000111
v -0.240231 0.006846 -0.001037
v -0.238819 0.006846 0.000374
v -0.242357 0.017125 0.002501
v -0.240724 0.015966 0.002280
v -0.242136 0.015966 0.000868
v -0.270114 0.005687 -0.004595
v -0.269851 0.006846 -0.003446
v -0.271263 0.006846 -0.004858
v -0.267946 0.015966 -0.005352
v -0.267725 0.017125 -0.006984
v -0.269357 0.015966 -0.006763
v -0.270114 0.005687 -0.028008
v -0.271263 0.006846 -0.027745
v -0.269851 0.006846 -0.029157
v -0.267725 0.017125 -0.025618
v -0.267946 0.015966 -0.027251
v -0.269357 0.015966 -0.025840
v -0.246701 0.005687 -0.004595
v -0.245552 0.006846 -0.004858
v -0.246964 0.006846 -0.003446
v -0.249091 0.017125 -0.006984
v -0.248869 0.015966 -0.005352
v -0.247458 0.015966 -0.006763
v -0.246701 0.005687 -0.028008
v -0.246964 0.006846 -0.029157
v -0.245552 0.006846 -0.027745
v -0.249091 0.017125 -0.025618
v -0.247458 0.015966 -0.025840
v -0.248869 0.015966 -0.027251
v -0.242233 0.005687 -0.004595
v -0.241970 0.006846 -0.003446
v -0.243381 0.006846 -0.004858
v -0.240064 0.015966 -0.005352
v -0.239843 0.017125 -0.006984
v -0.241476 0.015966 -0.006763
v -0.242233 0.005687 -0.028008
v -0.243381 0.006846 -0.027745
v -0.241970 0.006846 -0.029157
v -0.239843 0.017125 -0.025618
v -0.240064 0.015966 -0.027251
v -0.241476 0.015966 -0.025840
v -0.218819 0.005687 -0.004595
v -0.217671 0.006846 -0.004858
v -0.219082 0.006846 -0.003446
v -0.221209 0.017125 -0.006984
v -0.220988 0.015966 -0.005352
v -0.219576 0.015966 -0.006763
v -0.218819 0.005687 -0.028008
v -0.219082 0.006846 -0.029157
v -0.217671 0.006846 -0.027745
v -0.221209 0.017125 -0.025618
v -0.219576 0.015966 -0.025840
v -0.220988 0.015966 -0.027251
v -0.214261 0.005687 -0.004595
v -0.213998 0.006846 -0.003446
v -0.215410 0.006846 -0.004858
v -0.212093 0.015966 -0.005352
v -0.211872 0.017125 -0.006984
v -0.213505 0.015966 -0.006763
v -0.214261 0.005687 -0.028008
v -0.215410 0.006846 -0.027745
v -0.213998 0.006846 -0.029157
v -0.211872 0.017125 -0.025618
v -0.212093 0.015966 -0.027251
v -0.213505 0.015966 -0.025840
v -0.190848 0.005687 -0.004595
v -0.189699 0.006846 -0.004858
v -0.191111 0.006846 -0.003446
v -0.193238 0.017125 -0.006984
v -0.193017 0.015966 -0.005352
v -0.191605 0.015966 -0.006763
v -0.190848 0.005687 -0.028008
v -0.191111 0.006846 -0.029157
v -0.189699 0.006846 -0.027745
v -0.193238 0.017125 -0.025618
v -0.191605 0.015966 -0.025840
v -0.193017 0.015966 -0.027251
v -0.186903 0.005687 -0.004595
v -0.186640 0.006846 -0.003446
v -0.188051 0.006846 -0.004858
v -0.184734 0.015966 -0.005352
v -0.184513 0.017125 -0.006984
v -0.186146 0.015966 -0.006763
v -0.186903 0.005687 -0.028008
v -0.188051 0.006846 -0.027745
v -0.186640 0.006846 -0.029157
v -0.184513 0.017125 -0.025618
v -0.184734 0.015966 -0.027251
v -0.186146 0.015966 -0.025840
v -0.163489 0.005687 -0.004595
v -0.162341 0.006846 -0.004858
v -0.163752 0.006846 -0.003446
v -0.165879 0.017125 -0.006984
v -0.165658 0.015966 -0.005352
v -0.164246 0.015966 -0.006763
v -0.163489 0.005687 -0.028008
v -0.163752 0.006846 -0.029157
v -0.162341 0.006846 -0.027745
v -0.165879 0.017125 -0.025618
v -0.164246 0.015966 -0.025840
v -0.165658 0.015966 -0.027251
v -0.158840 0.005687 -0.004595
v -0.158577 0.006846 -0.003446
v -0.159989 0.006846 -0.004858
v -0.156672 0.015966 -0.005352
v -0.156451 0.017125 -0.006984
v -0.158083 0.015966 -0.006763
v -0.158840 0.005687 -0.028008
v -0.159989 0.006846 -0.027745
v -0.158577 0.006846 -0.029157
v -0.156451 0.017125 -0.025618
v -0.156672 0.015966 -0.027251
v -0.158083 0.015966 -0.025840
v -0.135427 0.005687 -0.004595
v -0.134278 0.006846 -0.004858
v -0.135690 0.006846 -0.003446
v -0.137817 0.017125 -0.006984
v -0.137595 0.015966 -0.005352
v -0.136184 0.015966 -0.006763
v -0.135427 0.005687 -0.028008
v -0.135690 0.006846 -0.029157
v -0.134278 0.006846 -0.027745
v -0.137817 0.017125 -0.025618
v -0.136184 0.015966 -0.025840
v -0.137595 0.015966 -0.027251
v -0.130579 0.005687 -0.004595
v -0.130316 0.006846 -0.003446
v -0.131728 0.006846 -0.004858
v -0.128411 0.015966 -0.005352
v -0.128189 0.017125 -0.006984
v -0.129822 0.015966 -0.006763
v -0.130579 0.005687 -0.028008
v -0.131728 0.006846 -0.027745
v -0.130316 0.006846 -0.029157
v -0.128189 0.017125 -0.025618
v -0.128411 0.015966 -0.027251
v -0.129822 0.015966 -0.025840
v -0.107166 0.005687 -0.004595
v -0.106017 0.006846 -0.004858
v -0.107429 0.006846 -0.003446
v -0.109555 0.017125 -0.006984
v -0.109334 0.015966 -0.005352
v -0.107923 0.015966 -0.006763
v -0.107166 0.005687 -0.028008
v -0.107429 0.006846 -0.029157
v -0.106017 0.006846 -0.027745
v -0.109555 0.017125 -0.025618
v -0.107923 0.015966 -0.025840
v -0.109334 0.015966 -0.027251
v -0.102777 0.005687 -0.004595
v -0.102514 0.006846 -0.003446
v -0.103926 0.006846 -0.004858
v -0.100608 0.015966 -0.005352
v -0.100387 0.017125 -0.006984
v -0.102020 0.015966 -0.006763
v -0.102777 0.005687 -0.028008
v -0.103926 0.006846 -0.027745
v -0.102514 0.006846 -0.029157
v -0.100387 0.017125 -0.025618
v -0.100608 0.015966 -0.027251
v -0.102020 0.015966 -0.025840
v -0.079364 0.005687 -0.004595
v -0.078215 0.006846 -0.004858
v -0.079627 0.006846 -0.003446
v -0.081753 0.017125 -0.006984
v -0.081532 0.015966 -0.005352
v -0.080120 0.015966 -0.006763
v -0.079364 0.005687 -0.028008
v -0.079627 0.006846 -0.029157
v -0.078215 0.006846 -0.027745
v -0.081753 0.017125 -0.025618
v -0.080120 0.015966 -0.025840
v -0.081532 0.015966 -0.027251
v -0.075223 0.005687 -0.004595
v -0.074960 0.006846 -0.003446
v -0.076371 0.006846 -0.004858
v -0.073054 0.015966 -0.005352
v -0.072833 0.017125 -0.006984
v -0.074466 0.015966 -0.006763
v -0.075223 0.005687 -0.028008
v -0.076371 0.006846 -0.027745
v -0.074960 0.006846 -0.029157
v -0.072833 0.017125 -0.025618
v -0.073054 0.015966 -0.027251
v -0.074466 0.015966 -0.025840
v -0.051809 0.005687 -0.004595
v -0.050661 0.006846 -0.004858
v -0.052072 0.006846 -0.003446
v -0.054199 0.017125 -0.006984
v -0.053978 0.015966 -0.005352
v -0.052566 0.015966 -0.006763
v -0.051809 0.005687 -0.028008
v -0.052072 0.006846 -0.029157
v -0.050661 0.006846 -0.027745
v -0.054199 0.017125 -0.025618
v -0.052566 0.015966 -0.025840
v -0.053978 0.015966 -0.027251
v -0.047282 0.005687 -0.004595
v -0.047019 0.006846 -0.003446
v -0.048430 0.006846 -0.004858
v -0.045113 0.015966 -0.005352
v -0.044892 0.017125 -0.006984
v -0.046525 0.015966 -0.006763
v -0.047282 0.005687 -0.028008
v -0.048430 0.006846 -0.027745
v -0.047019 0.006846 -0.029157
v -0.044892 0.017125 -0.025618
v -0.045113 0.015966 -0.027251
v -0.046525 0.015966 -0.025840
v -0.023868 0.005687 -0.004595
v -0.022720 0.006846 -0.004858
v -0.024131 0.006846 -0.003446
v -0.026258 0.017125 -0.006984
v -0.026037 0.015966 -0.005352
v -0.024625 0.015966 -0.006763
v -0.023868 0.005687 -0.028008
v -0.024131 0.006846 -0.029157
v -0.022720 0.006846 -0.027745
v -0.026258 0.017125 -0.025618
v -0.024625 0.015966 -0.025840
v -0.026037 0.015966 -0.027251
v -0.019464 0.005687 -0.004595
v -0.019201 0.006846 -0.003446
v -0.020613 0.006846 -0.004858
v -0.017296 0.015966 -0.005352
v -0.017075 0.017125 -0.006984
v -0.018707 0.015966 -0.006763
v -0.019464 0.005687 -0.028008
v -0.020613 0.006846 -0.027745
v -0.019201 0.006846 -0.029157
v -0.017075 0.017125 -0.025618
v -0.017296 0.015966 -0.027251
v -0.018707 0.015966 -0.025840
v 0.003949 0.005687 -0.004595
v 0.005098 0.006846 -0.004858
v 0.003686 0.006846 -0.003446
v 0.001559 0.017125 -0.006984
v 0.001781 0.015966 -0.005352
v 0.003192 0.015966 -0.006763
v 0.003949 0.005687 -0.028008
v 0.003686 0.006846 -0.029157
v 0.005098 0.006846 -0.027745
v 0.001559 0.017125 -0.025618
v 0.003192 0.015966 -0.025840
v 0.001781 0.015966 -0.027251
v 0.008180 0.005687 -0.004595
v 0.008443 0.006846 -0.003446
v 0.007032 0.006846 -0.004858
v 0.010349 0.015966 -0.005352
v 0.010570 0.017125 -0.006984
v 0.008937 0.015966 -0.006763
v 0.008180 0.005687 -0.028008
v 0.007032 0.006846 -0.027745
v 0.008443 0.006846 -0.029157
v 0.010570 0.017125 -0.025618
v 0.010349 0.015966 -0.027251
v 0.008937 0.015966 -0.025840
v 0.031594 0.005687 -0.004595
v 0.032742 0.006846 -0.004858
v 0.031331 0.006846 -0.003446
v 0.029204 0.017125 -0.006984
v 0.029425 0.015966 -0.005352
v 0.030837 0.015966 -0.006763
v 0.031594 0.005687 -0.028008
v 0.031331 0.006846 -0.029157
v 0.032742 0.006846 -0.027745
v 0.029204 0.017125 -0.025618
v 0.030837 0.015966 -0.025840
v 0.029425 0.015966 -0.027251
v 0.035808 0.005687 -0.004595
v 0.036071 0.006846 -0.003446
v 0.034660 0.006846 -0.004858
v 0.037977 0.015966 -0.005352
v 0.038198 0.017125 -0.006984
v 0.036565 0.015966 -0.006763
v 0.035808 0.005687 -0.028008
v 0.034660 0.006846 -0.027745
v 0.036071 0.006846 -0.029157
v 0.038198 0.017125 -0.025618
v 0.037977 0.015966 -0.027251
v 0.036565 0.015966 -0.025840
v 0.059222 0.005687 -0.004595
v 0.060370 0.006846 -0.004858
v 0.058959 0.006846 -0.003446
v 0.056832 0.017125 -0.006984
v 0.057053 0.015966 -0.005352
v 0.058465 0.015966 -0.006763
v 0.059222 0.005687 -0.028008
v 0.058959 0.006846 -0.029157
v 0.060370 0.006846 -0.027745
v 0.056832 0.017125 -0.025618
v 0.058465 0.015966 -0.025840
v 0.057053 0.015966 -0.027251
v 0.064142 0.005687 -0.004441
v 0.064405 0.006846 -0.003293
v 0.062994 0.006846 -0.004704
v 0.066311 0.015966 -0.005198
v 0.066532 0.017125 -0.006831
v 0.064899 0.015966 -0.006610
v 0.064142 0.005687 -0.027855
v 0.062994 0.006846 -0.027592
v 0.064405 0.006846 -0.029003
v 0.066532 0.017125 -0.025465
v 0.066311 0.015966 -0.027098
v 0.064899 0.015966 -0.025686
v 0.101258 0.005687 -0.004441
v 0.102407 0.006846 -0.004704
v 0.098869 0.017125 -0.006831
v 0.100501 0.015966 -0.006610
v 0.101258 0.005687 -0.027855
v 0.100995 0.006846 -0.029003
v 0.102407 0.006846 -0.027592
v 0.098869 0.017125 -0.025465
v 0.100501 0.015966 -0.025686
v 0.099090 0.015966 -0.027098
v 0.070208 0.005687 -0.027855
v 0.070385 0.006846 -0.029003
v 0.071817 0.017125 -0.025465
v 0.071668 0.015966 -0.027098
v 0.070208 0.005687 -0.004441
v 0.070385 0.006846 -0.003293
v 0.071817 0.017125 -0.006831
v 0.071668 0.015966 -0.005198
v 0.101258 0.005687 0.023824
v 0.102407 0.006846 0.023561
v 0.100995 0.006846 0.024972
v 0.098869 0.017125 0.021434
v 0.099090 0.015966 0.023067
v 0.100501 0.015966 0.021655
v 0.070208 0.005687 0.023824
v 0.070385 0.006846 0.024972
v 0.071817 0.017125 0.021434
v 0.071668 0.015966 0.023067
v 0.051708 0.005687 -0.031562
v 0.051971 0.006846 -0.030414
v 0.050559 0.006846 -0.031825
v 0.053876 0.015966 -0.032319
v 0.054098 0.017125 -0.033952
v 0.052465 0.015966 -0.033731
v 0.051708 0.005687 -0.054976
v 0.050559 0.006846 -0.054713
v 0.051971 0.006846 -0.056124
v 0.054098 0.017125 -0.052586
v 0.053876 0.015966 -0.054219
v 0.052465 0.015966 -0.052807
v 0.101258 0.005687 -0.031562
v 0.102407 0.006846 -0.031825
v 0.100995 0.006846 -0.030414
v 0.098869 0.017125 -0.033952
v 0.099090 0.015966 -0.032319
v 0.100501 0.015966 -0.033731
v 0.101258 0.005687 -0.054976
v 0.100995 0.006846 -0.056124
v 0.102407 0.006846 -0.054713
v 0.098869 0.017125 -0.052586
v 0.100501 0.015966 -0.052807
v 0.099090 0.015966 -0.054219
v 0.023729 0.005687 -0.031755
v 0.023992 0.006846 -0.030606
v 0.022580 0.006846 -0.032018
v 0.025898 0.015966 -0.032512
v 0.026119 0.017125 -0.034145
v 0.024486 0.015966 -0.033924
v 0.023729 0.005687 -0.055169
v 0.022580 0.006846 -0.054905
v 0.023992 0.006846 -0.056317
v 0.026119 0.017125 -0.052779
v 0.025898 0.015966 -0.054412
v 0.024486 0.015966 -0.053000
v 0.047142 0.005687 -0.031755
v 0.048291 0.006846 -0.032018
v 0.046879 0.006846 -0.030606
v 0.044753 0.017125 -0.034145
v 0.044974 0.015966 -0.032512
v 0.046386 0.015966 -0.033924
v 0.047142 0.005687 -0.055169
v 0.046879 0.006846 -0.056317
v 0.048291 0.006846 -0.054905
v 0.044753 0.017125 -0.052779
v 0.046386 0.015966 -0.053000
v 0.044974 0.015966 -0.054412
v -0.003706 0.005687 -0.031755
v -0.003443 0.006846 -0.030606
v -0.004855 0.006846 -0.032018
v -0.001538 0.015966 -0.032512
v -0.001316 0.017125 -0.034145
v -0.002949 0.015966 -0.033924
v -0.003706 0.005687 -0.055169
v -0.004855 0.006846 -0.054905
v -0.003443 0.006846 -0.056317
v -0.001316 0.017125 -0.052779
v -0.001538 0.015966 -0.054412
v -0.002949 0.015966 -0.053000
v 0.019707 0.005687 -0.031755
v 0.020856 0.006846 -0.032018
v 0.019444 0.006846 -0.030606
v 0.017318 0.017125 -0.034145
v 0.017539 0.015966 -0.032512
v 0.018950 0.015966 -0.033924
v 0.019707 0.005687 -0.055169
v 0.019444 0.006846 -0.056317
v 0.020856 0.006846 -0.054905
v 0.017318 0.017125 -0.052779
v 0.018950 0.015966 -0.053000
v 0.017539 0.015966 -0.054412
v -0.031524 0.005687 -0.031755
v -0.031261 0.006846 -0.030606
v -0.032673 0.006846 -0.032018
v -0.029356 0.015966 -0.032512
v -0.029134 0.017125 -0.034145
v -0.030767 0.015966 -0.033924
v -0.031524 0.005687 -0.055169
v -0.032673 0.006846 -0.054905
v -0.031261 0.006846 -0.056317
v -0.029134 0.017125 -0.052779
v -0.029356 0.015966 -0.054412
v -0.030767 0.015966 -0.053000
v -0.008111 0.005687 -0.031755
v -0.006962 0.006846 -0.032018
v -0.008374 0.006846 -0.030606
v -0.010500 0.017125 -0.034145
v -0.010279 0.015966 -0.032512
v -0.008868 0.015966 -0.033924
v -0.008111 0.005687 -0.055169
v -0.008374 0.006846 -0.056317
v -0.006962 0.006846 -0.054905
v -0.010500 0.017125 -0.052779
v -0.008868 0.015966 -0.053000
v -0.010279 0.015966 -0.054412
v -0.059470 0.005687 -0.031755
v -0.059207 0.006846 -0.030606
v -0.060618 0.006846 -0.032018
v -0.057301 0.015966 -0.032512
v -0.057080 0.017125 -0.034145
v -0.058713 0.015966 -0.033924
v -0.059470 0.005687 -0.055169
v -0.060618 0.006846 -0.054905
v -0.059207 0.006846 -0.056317
v -0.057080 0.017125 -0.052779
v -0.057301 0.015966 -0.054412
v -0.058713 0.015966 -0.053000
v -0.036056 0.005687 -0.031755
v -0.034908 0.006846 -0.032018
v -0.036319 0.006846 -0.030606
v -0.038446 0.017125 -0.034145
v -0.038225 0.015966 -0.032512
v -0.036813 0.015966 -0.033924
v -0.036056 0.005687 -0.055169
v -0.036319 0.006846 -0.056317
v -0.034908 0.006846 -0.054905
v -0.038446 0.017125 -0.052779
v -0.036813 0.015966 -0.053000
v -0.038225 0.015966 -0.054412
v -0.086905 0.005687 -0.031755
v -0.086642 0.006846 -0.030606
v -0.088053 0.006846 -0.032018
v -0.084736 0.015966 -0.032512
v -0.084515 0.017125 -0.034145
v -0.086148 0.015966 -0.033924
v -0.086905 0.005687 -0.055169
v -0.088053 0.006846 -0.054905
v -0.086642 0.006846 -0.056317
v -0.084515 0.017125 -0.052779
v -0.084736 0.015966 -0.054412
v -0.086148 0.015966 -0.053000
v -0.063491 0.005687 -0.031755
v -0.062343 0.006846 -0.032018
v -0.063754 0.006846 -0.030606
v -0.065881 0.017125 -0.034145
v -0.065660 0.015966 -0.032512
v -0.064248 0.015966 -0.033924
v -0.063491 0.005687 -0.055169
v -0.063754 0.006846 -0.056317
v -0.062343 0.006846 -0.054905
v -0.065881 0.017125 -0.052779
v -0.064248 0.015966 -0.053000
v -0.065660 0.015966 -0.054412
v -0.114723 0.005687 -0.031755
v -0.114460 0.006846 -0.030606
v -0.115871 0.006846 -0.032018
v -0.112554 0.015966 -0.032512
v -0.112333 0.017125 -0.034145
v -0.113966 0.015966 -0.033924
v -0.114723 0.005687 -0.055169
v -0.115871 0.006846 -0.054905
v -0.114460 0.006846 -0.056317
v -0.112333 0.017125 -0.052779
v -0.112554 0.015966 -0.054412
v -0.113966 0.015966 -0.053000
v -0.091309 0.005687 -0.031755
v -0.090161 0.006846 -0.032018
v -0.091572 0.006846 -0.030606
v -0.093699 0.017125 -0.034145
v -0.093478 0.015966 -0.032512
v -0.092066 0.015966 -0.033924
v -0.091309 0.005687 -0.055169
v -0.091572 0.006846 -0.056317
v -0.090161 0.006846 -0.054905
v -0.093699 0.017125 -0.052779
v -0.092066 0.015966 -0.053000
v -0.093478 0.015966 -0.054412
v -0.170414 0.005687 -0.031755
v -0.170151 0.006846 -0.030606
v -0.171563 0.006846 -0.032018
v -0.168246 0.015966 -0.032512
v -0.168024 0.017125 -0.034145
v -0.169657 0.015966 -0.033924
v -0.170414 0.005687 -0.055169
v -0.171563 0.006846 -0.054905
v -0.170151 0.006846 -0.056317
v -0.168024 0.017125 -0.052779
v -0.168246 0.015966 -0.054412
v -0.169657 0.015966 -0.053000
v -0.147001 0.005687 -0.031755
v -0.145852 0.006846 -0.032018
v -0.147264 0.006846 -0.030606
v -0.149390 0.017125 -0.034145
v -0.149169 0.015966 -0.032512
v -0.147758 0.015966 -0.033924
v -0.147001 0.005687 -0.055169
v -0.147264 0.006846 -0.056317
v -0.145852 0.006846 -0.054905
v -0.149390 0.017125 -0.052779
v -0.147758 0.015966 -0.053000
v -0.149169 0.015966 -0.054412
v -0.198392 0.005687 -0.031755
v -0.198129 0.006846 -0.030606
v -0.199540 0.006846 -0.032018
v -0.196223 0.015966 -0.032512
v -0.196002 0.017125 -0.034145
v -0.197635 0.015966 -0.033924
v -0.198392 0.005687 -0.055169
v -0.199540 0.006846 -0.054905
v -0.198129 0.006846 -0.056317
v -0.196002 0.017125 -0.052779
v -0.196223 0.015966 -0.054412
v -0.197635 0.015966 -0.053000
v -0.174978 0.005687 -0.031755
v -0.173830 0.006846 -0.032018
v -0.175241 0.006846 -0.030606
v -0.177368 0.017125 -0.034145
v -0.177147 0.015966 -0.032512
v -0.175735 0.015966 -0.033924
v -0.174978 0.005687 -0.055169
v -0.175241 0.006846 -0.056317
v -0.173830 0.006846 -0.054905
v -0.177368 0.017125 -0.052779
v -0.175735 0.015966 -0.053000
v -0.177147 0.015966 -0.054412
v -0.226444 0.005687 -0.031755
v -0.226180 0.006846 -0.030606
v -0.227592 0.006846 -0.032018
v -0.224275 0.015966 -0.032512
v -0.224054 0.017125 -0.034145
v -0.225687 0.015966 -0.033924
v -0.226444 0.005687 -0.055169
v -0.227592 0.006846 -0.054905
v -0.226180 0.006846 -0.056317
v -0.224054 0.017125 -0.052779
v -0.224275 0.015966 -0.054412
v -0.225687 0.015966 -0.053000
v -0.203030 0.005687 -0.031755
v -0.201881 0.006846 -0.032018
v -0.203293 0.006846 -0.030606
v -0.205420 0.017125 -0.034145
v -0.205199 0.015966 -0.032512
v -0.203787 0.015966 -0.033924
v -0.203030 0.005687 -0.055169
v -0.203293 0.006846 -0.056317
v -0.201881 0.006846 -0.054905
v -0.205420 0.017125 -0.052779
v -0.203787 0.015966 -0.053000
v -0.205199 0.015966 -0.054412
v -0.254304 0.005687 -0.031755
v -0.254041 0.006846 -0.030606
v -0.255453 0.006846 -0.032018
v -0.252136 0.015966 -0.032512
v -0.251914 0.017125 -0.034145
v -0.253547 0.015966 -0.033924
v -0.254304 0.005687 -0.055169
v -0.255453 0.006846 -0.054905
v -0.254041 0.006846 -0.056317
v -0.251914 0.017125 -0.052779
v -0.252136 0.015966 -0.054412
v -0.253547 0.015966 -0.053000
v -0.230891 0.005687 -0.031755
v -0.229742 0.006846 -0.032018
v -0.231154 0.006846 -0.030606
v -0.233280 0.017125 -0.034145
v -0.233059 0.015966 -0.032512
v -0.231648 0.015966 -0.033924
v -0.230891 0.005687 -0.055169
v -0.231154 0.006846 -0.056317
v -0.229742 0.006846 -0.054905
v -0.233280 0.017125 -0.052779
v -0.231648 0.015966 -0.053000
v -0.233059 0.015966 -0.054412
v -0.282016 0.005687 -0.031755
v -0.281753 0.006846 -0.030606
v -0.283164 0.006846 -0.032018
v -0.279847 0.015966 -0.032512
v -0.279626 0.017125 -0.034145
v -0.281259 0.015966 -0.033924
v -0.282016 0.005687 -0.055169
v -0.283164 0.006846 -0.054905
v -0.281753 0.006846 -0.056317
v -0.279626 0.017125 -0.052779
v -0.279847 0.015966 -0.054412
v -0.281259 0.015966 -0.053000
v -0.258602 0.005687 -0.031755
v -0.257454 0.006846 -0.032018
v -0.258865 0.006846 -0.030606
v -0.260992 0.017125 -0.034145
v -0.260771 0.015966 -0.032512
v -0.259359 0.015966 -0.033924
v -0.258602 0.005687 -0.055169
v -0.258865 0.006846 -0.056317
v -0.257454 0.006846 -0.054905
v -0.260992 0.017125 -0.052779
v -0.259359 0.015966 -0.053000
v -0.260771 0.015966 -0.054412
v -0.142607 0.005687 -0.031755
v -0.142344 0.006846 -0.030606
v -0.143755 0.006846 -0.032018
v -0.140438 0.015966 -0.032512
v -0.140217 0.017125 -0.034145
v -0.141850 0.015966 -0.033924
v -0.142607 0.005687 -0.055169
v -0.143755 0.006846 -0.054905
v -0.142344 0.006846 -0.056317
v -0.140217 0.017125 -0.052779
v -0.140438 0.015966 -0.054412
v -0.141850 0.015966 -0.053000
v -0.119193 0.005687 -0.031755
v -0.118045 0.006846 -0.032018
v -0.119456 0.006846 -0.030606
v -0.121583 0.017125 -0.034145
v -0.121362 0.015966 -0.032512
v -0.119950 0.015966 -0.033924
v -0.119193 0.005687 -0.055169
v -0.119456 0.006846 -0.056317
v -0.118045 0.006846 -0.054905
v -0.121583 0.017125 -0.052779
v -0.119950 0.015966 -0.053000
v -0.121362 0.015966 -0.054412
v -0.313321 0.005687 -0.031755
v -0.313058 0.006846 -0.030606
v -0.314470 0.006846 -0.032018
v -0.311153 0.015966 -0.032512
v -0.310931 0.017125 -0.034145
v -0.312564 0.015966 -0.033924
v -0.313321 0.005687 -0.055169
v -0.314470 0.006846 -0.054905
v -0.313058 0.006846 -0.056317
v -0.310931 0.017125 -0.052779
v -0.311153 0.015966 -0.054412
v -0.312564 0.015966 -0.053000
v -0.287402 0.005687 -0.031755
v -0.286254 0.006846 -0.032018
v -0.287665 0.006846 -0.030606
v -0.289792 0.017125 -0.034145
v -0.289571 0.015966 -0.032512
v -0.288159 0.015966 -0.033924
v -0.287402 0.005687 -0.055169
v -0.287665 0.006846 -0.056317
v -0.286254 0.006846 -0.054905
v -0.289792 0.017125 -0.052779
v -0.288159 0.015966 -0.053000
v -0.289571 0.015966 -0.054412
v -0.312248 0.005687 0.023344
v -0.311985 0.006846 0.024493
v -0.313396 0.006846 0.023081
v -0.310079 0.015966 0.022587
v -0.309858 0.017125 0.020955
v -0.311491 0.015966 0.021176
v -0.312248 0.005687 -0.000069
v -0.313396 0.006846 0.000194
v -0.311985 0.006846 -0.001218
v -0.309858 0.017125 0.002321
v -0.310079 0.015966 0.000688
v -0.311491 0.015966 0.002099
v -0.267497 0.005687 0.023344
v -0.266349 0.006846 0.023081
v -0.267760 0.006846 0.024493
v -0.269666 0.015431 0.022587
v -0.268254 0.015431 0.021176
v -0.267497 0.005687 -0.000069
v -0.267760 0.006846 -0.001218
v -0.266349 0.006846 0.000194
v -0.268254 0.015431 0.002099
v -0.269666 0.015431 0.000688
v -0.277378 0.005687 -0.000069
v -0.277525 0.006846 -0.001218
v -0.278713 0.017125 0.002321
v -0.278589 0.015431 0.000688
v -0.277378 0.005687 0.023344
v -0.277525 0.006846 0.024493
v -0.278713 0.017125 0.020955
v -0.278589 0.015431 0.022587
v -0.268751 0.015431 0.020182
v -0.270214 0.015431 0.019984
v -0.270015 0.015431 0.021447
v -0.270015 0.015431 0.001829
v -0.270214 0.015431 0.003291
v -0.268751 0.015431 0.003093
v -0.278120 0.015431 0.003291
v -0.278009 0.015431 0.021447
v -0.278009 0.015431 0.001829
v -0.278120 0.015431 0.019984
v -0.312248 0.005687 -0.004722
v -0.311985 0.006846 -0.003573
v -0.313396 0.006846 -0.004985
v -0.310079 0.015966 -0.005479
v -0.309858 0.017125 -0.007112
v -0.311491 0.015966 -0.006890
v -0.312248 0.005687 -0.028135
v -0.313396 0.006846 -0.027872
v -0.311985 0.006846 -0.029284
v -0.309858 0.017125 -0.025746
v -0.310079 0.015966 -0.027378
v -0.311491 0.015966 -0.025967
v -0.273966 0.005687 -0.004722
v -0.272818 0.006846 -0.004985
v -0.274229 0.006846 -0.003573
v -0.276356 0.017125 -0.007112
v -0.276135 0.015966 -0.005479
v -0.274723 0.015966 -0.006890
v -0.273966 0.005687 -0.028135
v -0.274229 0.006846 -0.029284
v -0.272818 0.006846 -0.027872
v -0.276356 0.017125 -0.025746
v -0.274723 0.015966 -0.025967
v -0.276135 0.015966 -0.027378
v 0.113585 0.005687 -0.031755
v 0.113848 0.006846 -0.030606
v 0.112437 0.006846 -0.032018
v 0.115754 0.015966 -0.032512
v 0.115975 0.017125 -0.034145
v 0.114342 0.015966 -0.033924
v 0.113585 0.005687 -0.055169
v 0.112437 0.006846 -0.054905
v 0.113848 0.006846 -0.056317
v 0.115975 0.017125 -0.052779
v 0.115754 0.015966 -0.054412
v 0.114342 0.015966 -0.053000
v 0.136999 0.005687 -0.031755
v 0.138147 0.006846 -0.032018
v 0.136736 0.006846 -0.030606
v 0.134609 0.017125 -0.034145
v 0.134830 0.015966 -0.032512
v 0.136242 0.015966 -0.033924
v 0.136999 0.005687 -0.055169
v 0.136736 0.006846 -0.056317
v 0.138147 0.006846 -0.054905
v 0.134609 0.017125 -0.052779
v 0.136242 0.015966 -0.053000
v 0.134830 0.015966 -0.054412
v 0.113649 0.005687 -0.003957
v 0.113912 0.006846 -0.002808
v 0.112500 0.006846 -0.004220
v 0.115817 0.015966 -0.004714
v 0.116039 0.017125 -0.006346
v 0.114406 0.015966 -0.006125
v 0.113649 0.005687 -0.027370
v 0.112500 0.006846 -0.027107
v 0.113912 0.006846 -0.028519
v 0.116039 0.017125 -0.024980
v 0.115817 0.015966 -0.026613
v 0.114406 0.015966 -0.025201
v 0.137062 0.005687 -0.003957
v 0.138211 0.006846 -0.004220
v 0.136799 0.006846 -0.002808
v 0.134673 0.017125 -0.006346
v 0.134894 0.015966 -0.004714
v 0.136305 0.015966 -0.006125
v 0.137062 0.005687 -0.027370
v 0.136799 0.006846 -0.028519
v 0.138211 0.006846 -0.027107
v 0.134673 0.017125 -0.024980
v 0.136305 0.015966 -0.025201
v 0.134894 0.015966 -0.026613
v 0.141594 0.005687 -0.031755
v 0.141858 0.006846 -0.030606
v 0.140446 0.006846 -0.032018
v 0.143763 0.015966 -0.032512
v 0.143984 0.017125 -0.034145
v 0.142351 0.015966 -0.033924
v 0.141594 0.005687 -0.055169
v 0.140446 0.006846 -0.054905
v 0.141858 0.006846 -0.056317
v 0.143984 0.017125 -0.052779
v 0.143763 0.015966 -0.054412
v 0.142351 0.015966 -0.053000
v 0.165008 0.005687 -0.031755
v 0.166157 0.006846 -0.032018
v 0.164745 0.006846 -0.030606
v 0.162618 0.017125 -0.034145
v 0.162839 0.015966 -0.032512
v 0.164251 0.015966 -0.033924
v 0.165008 0.005687 -0.055169
v 0.164745 0.006846 -0.056317
v 0.166157 0.006846 -0.054905
v 0.162618 0.017125 -0.052779
v 0.164251 0.015966 -0.053000
v 0.162839 0.015966 -0.054412
v 0.141658 0.005687 -0.003957
v 0.141921 0.006846 -0.002808
v 0.140510 0.006846 -0.004220
v 0.143827 0.015966 -0.004714
v 0.144048 0.017125 -0.006346
v 0.142415 0.015966 -0.006125
v 0.141658 0.005687 -0.027370
v 0.140510 0.006846 -0.027107
v 0.141921 0.006846 -0.028519
v 0.144048 0.017125 -0.024980
v 0.143827 0.015966 -0.026613
v 0.142415 0.015966 -0.025201
v 0.165072 0.005687 -0.003957
v 0.166220 0.006846 -0.004220
v 0.164809 0.006846 -0.002808
v 0.162682 0.017125 -0.006346
v 0.162903 0.015966 -0.004714
v 0.164315 0.015966 -0.006125
v 0.165072 0.005687 -0.027370
v 0.164809 0.006846 -0.028519
v 0.166220 0.006846 -0.027107
v 0.162682 0.017125 -0.024980
v 0.164315 0.015966 -0.025201
v 0.162903 0.015966 -0.026613
v 0.169731 0.005687 -0.031755
v 0.169995 0.006846 -0.030606
v 0.168583 0.006846 -0.032018
v 0.171900 0.015966 -0.032512
v 0.172121 0.017125 -0.034145
v 0.170488 0.015966 -0.033924
v 0.169731 0.005687 -0.055169
v 0.168583 0.006846 -0.054905
v 0.169995 0.006846 -0.056317
v 0.172121 0.017125 -0.052779
v 0.171900 0.015966 -0.054412
v 0.170488 0.015966 -0.053000
v 0.193145 0.005687 -0.031755
v 0.194294 0.006846 -0.032018
v 0.192882 0.006846 -0.030606
v 0.190755 0.017125 -0.034145
v 0.190976 0.015966 -0.032512
v 0.192388 0.015966 -0.033924
v 0.193145 0.005687 -0.055169
v 0.192882 0.006846 -0.056317
v 0.194294 0.006846 -0.054905
v 0.190755 0.017125 -0.052779
v 0.192388 0.015966 -0.053000
v 0.190976 0.015966 -0.054412
v 0.169795 0.005687 -0.003957
v 0.170058 0.006846 -0.002808
v 0.168647 0.006846 -0.004220
v 0.171964 0.015966 -0.004714
v 0.172185 0.017125 -0.006346
v 0.170552 0.015966 -0.006125
v 0.169795 0.005687 -0.027370
v 0.168647 0.006846 -0.027107
v 0.170058 0.006846 -0.028519
v 0.172185 0.017125 -0.024980
v 0.171964 0.015966 -0.026613
v 0.170552 0.015966 -0.025201
v 0.193209 0.005687 -0.003957
v 0.194357 0.006846 -0.004220
v 0.192946 0.006846 -0.002808
v 0.190819 0.017125 -0.006346
v 0.191040 0.015966 -0.004714
v 0.192452 0.015966 -0.006125
v 0.193209 0.005687 -0.027370
v 0.192946 0.006846 -0.028519
v 0.194357 0.006846 -0.027107
v 0.190819 0.017125 -0.024980
v 0.192452 0.015966 -0.025201
v 0.191040 0.015966 -0.026613
v 0.208689 0.005687 -0.031594
v 0.208952 0.006846 -0.030446
v 0.207540 0.006846 -0.031857
v 0.210857 0.015966 -0.032351
v 0.211078 0.017125 -0.033984
v 0.209446 0.015966 -0.033763
v 0.208689 0.005687 -0.055008
v 0.207540 0.006846 -0.054745
v 0.208952 0.006846 -0.056156
v 0.211078 0.017125 -0.052618
v 0.210857 0.015966 -0.054251
v 0.209446 0.015966 -0.052839
v 0.232102 0.005687 -0.031594
v 0.233251 0.006846 -0.031857
v 0.231839 0.006846 -0.030446
v 0.229712 0.017125 -0.033984
v 0.229933 0.015966 -0.032351
v 0.231345 0.015966 -0.033763
v 0.232102 0.005687 -0.055008
v 0.231839 0.006846 -0.056156
v 0.233251 0.006846 -0.054745
v 0.229712 0.017125 -0.052618
v 0.231345 0.015966 -0.052839
v 0.229933 0.015966 -0.054251
v 0.208752 0.005687 -0.004063
v 0.209015 0.006846 -0.002914
v 0.207604 0.006846 -0.004326
v 0.210921 0.015966 -0.004820
v 0.211142 0.017125 -0.006453
v 0.209509 0.015966 -0.006231
v 0.208752 0.005687 -0.027476
v 0.207604 0.006846 -0.027213
v 0.209015 0.006846 -0.028625
v 0.211142 0.017125 -0.025087
v 0.210921 0.015966 -0.026719
v 0.209509 0.015966 -0.025308
v 0.232166 0.005687 -0.004063
v 0.233314 0.006846 -0.004326
v 0.231903 0.006846 -0.002914
v 0.229776 0.017125 -0.006453
v 0.229997 0.015966 -0.004820
v 0.231409 0.015966 -0.006231
v 0.232166 0.005687 -0.027476
v 0.231903 0.006846 -0.028625
v 0.233314 0.006846 -0.027213
v 0.229776 0.017125 -0.025087
v 0.231409 0.015966 -0.025308
v 0.229997 0.015966 -0.026719
v 0.236698 0.005687 -0.031594
v 0.236961 0.006846 -0.030446
v 0.235549 0.006846 -0.031857
v 0.238867 0.015966 -0.032351
v 0.239088 0.017125 -0.033984
v 0.237455 0.015966 -0.033763
v 0.236698 0.005687 -0.055008
v 0.235549 0.006846 -0.054745
v 0.236961 0.006846 -0.056156
v 0.239088 0.017125 -0.052618
v 0.238867 0.015966 -0.054251
v 0.237455 0.015966 -0.052839
v 0.260111 0.005687 -0.031594
v 0.261260 0.006846 -0.031857
v 0.259848 0.006846 -0.030446
v 0.257722 0.017125 -0.033984
v 0.257943 0.015966 -0.032351
v 0.259354 0.015966 -0.033763
v 0.260111 0.005687 -0.055008
v 0.259848 0.006846 -0.056156
v 0.261260 0.006846 -0.054745
v 0.257722 0.017125 -0.052618
v 0.259354 0.015966 -0.052839
v 0.257943 0.015966 -0.054251
v 0.236762 0.005687 -0.004063
v 0.237025 0.006846 -0.002914
v 0.235613 0.006846 -0.004326
v 0.238930 0.015966 -0.004820
v 0.239152 0.017125 -0.006453
v 0.237519 0.015966 -0.006231
v 0.236762 0.005687 -0.027476
v 0.235613 0.006846 -0.027213
v 0.237025 0.006846 -0.028625
v 0.239152 0.017125 -0.025087
v 0.238930 0.015966 -0.026719
v 0.237519 0.015966 -0.025308
v 0.260175 0.005687 -0.004063
v 0.261324 0.006846 -0.004326
v 0.259912 0.006846 -0.002914
v 0.257785 0.017125 -0.006453
v 0.258007 0.015966 -0.004820
v 0.259418 0.015966 -0.006231
v 0.260175 0.005687 -0.027476
v 0.259912 0.006846 -0.028625
v 0.261324 0.006846 -0.027213
v 0.257785 0.017125 -0.025087
v 0.259418 0.015966 -0.025308
v 0.258007 0.015966 -0.026719
v 0.264835 0.005687 -0.031594
v 0.265098 0.006846 -0.030446
v 0.263686 0.006846 -0.031857
v 0.267004 0.015966 -0.032351
v 0.267225 0.017125 -0.033984
v 0.265592 0.015966 -0.033763
v 0.264835 0.005687 -0.055008
v 0.263686 0.006846 -0.054745
v 0.265098 0.006846 -0.056156
v 0.267225 0.017125 -0.052618
v 0.267004 0.015966 -0.054251
v 0.265592 0.015966 -0.052839
v 0.288248 0.005687 -0.031594
v 0.289397 0.006846 -0.031857
v 0.287985 0.006846 -0.030446
v 0.285859 0.017125 -0.033984
v 0.286080 0.015966 -0.032351
v 0.287492 0.015966 -0.033763
v 0.288248 0.005687 -0.055008
v 0.287985 0.006846 -0.056156
v 0.289397 0.006846 -0.054745
v 0.285859 0.017125 -0.052618
v 0.287492 0.015966 -0.052839
v 0.286080 0.015966 -0.054251
v 0.264899 0.005687 -0.004063
v 0.265162 0.006846 -0.002914
v 0.263750 0.006846 -0.004326
v 0.267067 0.015966 -0.004820
v 0.267289 0.017125 -0.006453
v 0.265656 0.015966 -0.006231
v 0.264899 0.005687 -0.027476
v 0.263750 0.006846 -0.027213
v 0.265162 0.006846 -0.028625
v 0.267289 0.017125 -0.025087
v 0.267067 0.015966 -0.026719
v 0.265656 0.015966 -0.025308
v 0.288312 0.005687 -0.004063
v 0.289461 0.006846 -0.004326
v 0.288049 0.006846 -0.002914
v 0.285922 0.017125 -0.006453
v 0.286144 0.015966 -0.004820
v 0.287555 0.015966 -0.006231
v 0.288312 0.005687 -0.027476
v 0.288049 0.006846 -0.028625
v 0.289461 0.006846 -0.027213
v 0.285922 0.017125 -0.025087
v 0.287555 0.015966 -0.025308
v 0.286144 0.015966 -0.026719
v 0.208689 0.005687 0.022476
v 0.208952 0.006846 0.023624
v 0.207540 0.006846 0.022213
v 0.210857 0.015966 0.021719
v 0.211078 0.017125 0.020086
v 0.209446 0.015966 0.020307
v 0.208689 0.005687 -0.000938
v 0.207540 0.006846 -0.000675
v 0.208952 0.006846 -0.002086
v 0.211078 0.017125 0.001452
v 0.210857 0.015966 -0.000181
v 0.209446 0.015966 0.001231
v 0.232102 0.005687 0.022476
v 0.233251 0.006846 0.022213
v 0.231839 0.006846 0.023624
v 0.229712 0.017125 0.020086
v 0.229933 0.015966 0.021719
v 0.231345 0.015966 0.020307
v 0.232102 0.005687 -0.000938
v 0.231839 0.006846 -0.002086
v 0.233251 0.006846 -0.000675
v 0.229712 0.017125 0.001452
v 0.231345 0.015966 0.001231
v 0.229933 0.015966 -0.000181
v 0.208219 0.005687 0.049783
v 0.208482 0.006846 0.050932
v 0.207071 0.006846 0.049520
v 0.210388 0.015966 0.049026
v 0.210609 0.017125 0.047393
v 0.208976 0.015966 0.047615
v 0.208219 0.005687 0.026370
v 0.207071 0.006846 0.026633
v 0.208482 0.006846 0.025221
v 0.210609 0.017125 0.028760
v 0.210388 0.015966 0.027127
v 0.208976 0.015966 0.028538
v 0.231633 0.005687 0.049783
v 0.232781 0.006846 0.049520
v 0.231370 0.006846 0.050932
v 0.229243 0.017125 0.047393
v 0.229464 0.015966 0.049026
v 0.230876 0.015966 0.047615
v 0.231633 0.005687 0.026370
v 0.231370 0.006846 0.025221
v 0.232781 0.006846 0.026633
v 0.229243 0.017125 0.028760
v 0.230876 0.015966 0.028538
v 0.229464 0.015966 0.027127
v 0.236698 0.005687 0.022476
v 0.236961 0.006846 0.023624
v 0.235549 0.006846 0.022213
v 0.238867 0.015966 0.021719
v 0.239088 0.017125 0.020086
v 0.237455 0.015966 0.020307
v 0.236698 0.005687 -0.000938
v 0.235549 0.006846 -0.000675
v 0.236961 0.006846 -0.002086
v 0.239088 0.017125 0.001452
v 0.238867 0.015966 -0.000181
v 0.237455 0.015966 0.001231
v 0.260111 0.005687 0.022476
v 0.261260 0.006846 0.022213
v 0.259848 0.006846 0.023624
v 0.257722 0.017125 0.020086
v 0.257943 0.015966 0.021719
v 0.259354 0.015966 0.020307
v 0.260111 0.005687 -0.000938
v 0.259848 0.006846 -0.002086
v 0.261260 0.006846 -0.000675
v 0.257722 0.017125 0.001452
v 0.259354 0.015966 0.001231
v 0.257943 0.015966 -0.000181
v 0.236229 0.005687 0.049783
v 0.236492 0.006846 0.050932
v 0.235080 0.006846 0.049520
v 0.238397 0.015966 0.049026
v 0.238618 0.017125 0.047393
v 0.236986 0.015966 0.047615
v 0.236229 0.005687 0.026370
v 0.235080 0.006846 0.026633
v 0.236492 0.006846 0.025221
v 0.238618 0.017125 0.028760
v 0.238397 0.015966 0.027127
v 0.236986 0.015966 0.028538
v 0.259642 0.005687 0.049783
v 0.260791 0.006846 0.049520
v 0.259379 0.006846 0.050932
v 0.257252 0.017125 0.047393
v 0.257474 0.015966 0.049026
v 0.258885 0.015966 0.047615
v 0.259642 0.005687 0.026370
v 0.259379 0.006846 0.025221
v 0.260791 0.006846 0.026633
v 0.257252 0.017125 0.028760
v 0.258885 0.015966 0.028538
v 0.257474 0.015966 0.027127
v 0.264835 0.005687 0.022476
v 0.265098 0.006846 0.023624
v 0.263686 0.006846 0.022213
v 0.267004 0.015966 0.021719
v 0.267225 0.017125 0.020086
v 0.265592 0.015966 0.020307
v 0.264835 0.005687 -0.000938
v 0.263686 0.006846 -0.000675
v 0.265098 0.006846 -0.002086
v 0.267225 0.017125 0.001452
v 0.267004 0.015966 -0.000181
v 0.265592 0.015966 0.001231
v 0.288248 0.005687 0.022476
v 0.289397 0.006846 0.022213
v 0.287985 0.006846 0.023624
v 0.285859 0.017125 0.020086
v 0.286080 0.015966 0.021719
v 0.287492 0.015966 0.020307
v 0.288248 0.005687 -0.000938
v 0.287985 0.006846 -0.002086
v 0.289397 0.006846 -0.000675
v 0.285859 0.017125 0.001452
v 0.287492 0.015966 0.001231
v 0.286080 0.015966 -0.000181
v 0.264366 0.005687 0.049783
v 0.264629 0.006846 0.050932
v 0.263217 0.006846 0.049520
v 0.266534 0.015966 0.049026
v 0.266755 0.017125 0.047393
v 0.265123 0.015966 0.047615
v 0.264366 0.005687 0.026370
v 0.263217 0.006846 0.026633
v 0.264629 0.006846 0.025221
v 0.266755 0.017125 0.028760
v 0.266534 0.015966 0.027127
v 0.265123 0.015966 0.028538
v 0.287779 0.005687 0.049783
v 0.288928 0.006846 0.049520
v 0.287516 0.006846 0.050932
v 0.285389 0.017125 0.047393
v 0.285611 0.015966 0.049026
v 0.287022 0.015966 0.047615
v 0.287779 0.005687 0.026370
v 0.287516 0.006846 0.025221
v 0.288928 0.006846 0.026633
v 0.285389 0.017125 0.028760
v 0.287022 0.015966 0.028538
v 0.285611 0.015966 0.027127
v 0.208144 0.005687 0.076944
v 0.208407 0.006846 0.078093
v 0.206996 0.006846 0.076681
v 0.210313 0.015966 0.076188
v 0.210534 0.017125 0.074555
v 0.208901 0.015966 0.074776
v 0.208144 0.005687 0.053531
v 0.206996 0.006846 0.053794
v 0.208407 0.006846 0.052382
v 0.210534 0.017125 0.055921
v 0.210313 0.015966 0.054288
v 0.208901 0.015966 0.055700
v 0.259631 0.005687 0.076944
v 0.260779 0.006846 0.076681
v 0.259368 0.006846 0.078093
v 0.257241 0.017125 0.074555
v 0.257462 0.015966 0.076188
v 0.258874 0.015966 0.074776
v 0.259631 0.005687 0.053531
v 0.259368 0.006846 0.052382
v 0.260779 0.006846 0.053794
v 0.257241 0.017125 0.055921
v 0.258874 0.015966 0.055700
v 0.257462 0.015966 0.054288
v 0.264610 0.005687 0.076944
v 0.264873 0.006846 0.078093
v 0.263461 0.006846 0.076681
v 0.266778 0.015966 0.076188
v 0.266999 0.017125 0.074555
v 0.265367 0.015966 0.074776
v 0.264610 0.005687 0.053531
v 0.263461 0.006846 0.053794
v 0.264873 0.006846 0.052382
v 0.266999 0.017125 0.055921
v 0.266778 0.015966 0.054288
v 0.265367 0.015966 0.055700
v 0.288023 0.005687 0.076944
v 0.289172 0.006846 0.076681
v 0.287760 0.006846 0.078093
v 0.285633 0.017125 0.074555
v 0.285855 0.015966 0.076188
v 0.287266 0.015966 0.074776
v 0.288023 0.005687 0.053531
v 0.287760 0.006846 0.052382
v 0.289172 0.006846 0.053794
v 0.285633 0.017125 0.055921
v 0.287266 0.015966 0.055700
v 0.285855 0.015966 0.054288
v 0.292014 0.005687 0.076944
v 0.292277 0.006846 0.078093
v 0.290866 0.006846 0.076681
v 0.294183 0.015966 0.076188
v 0.294404 0.017125 0.074555
v 0.292771 0.015966 0.074776
v 0.292014 0.005687 0.026611
v 0.290866 0.006846 0.026874
v 0.292277 0.006846 0.025463
v 0.294404 0.017125 0.029001
v 0.294183 0.015966 0.027368
v 0.292771 0.015966 0.028780
v 0.315428 0.005687 0.076944
v 0.316576 0.006846 0.076681
v 0.315165 0.006846 0.078093
v 0.313038 0.017125 0.074555
v 0.313259 0.015966 0.076188
v 0.314671 0.015966 0.074776
v 0.315428 0.005687 0.026611
v 0.315165 0.006846 0.025463
v 0.316576 0.006846 0.026874
v 0.313038 0.017125 0.029001
v 0.314671 0.015966 0.028780
v 0.313259 0.015966 0.027368
v 0.292014 0.005687 0.022921
v 0.292277 0.006846 0.024070
v 0.290866 0.006846 0.022658
v 0.294183 0.015966 0.022164
v 0.294404 0.017125 0.020532
v 0.292771 0.015966 0.020753
v 0.292014 0.005687 -0.027412
v 0.290866 0.006846 -0.027149
v 0.292277 0.006846 -0.028560
v 0.294404 0.017125 -0.025022
v 0.294183 0.015966 -0.026655
v 0.292771 0.015966 -0.025243
v 0.315428 0.005687 0.022921
v 0.316576 0.006846 0.022658
v 0.315165 0.006846 0.024070
v 0.313038 0.017125 0.020532
v 0.313259 0.015966 0.022164
v 0.314671 0.015966 0.020753
v 0.315428 0.005687 -0.027412
v 0.315165 0.006846 -0.028560
v 0.316576 0.006846 -0.027149
v 0.313038 0.017125 -0.025022
v 0.314671 0.015966 -0.025243
v 0.313259 0.015966 -0.026655
v 0.291898 0.005687 -0.031594
v 0.292161 0.006846 -0.030446
v 0.290749 0.006846 -0.031857
v 0.294066 0.015966 -0.032351
v 0.294288 0.017125 -0.033984
v 0.292655 0.015966 -0.033763
v 0.291898 0.005687 -0.055008
v 0.290749 0.006846 -0.054745
v 0.292161 0.006846 -0.056156
v 0.294288 0.017125 -0.052618
v 0.294066 0.015966 -0.054251
v 0.292655 0.015966 -0.052839
v 0.315311 0.005687 -0.031594
v 0.316460 0.006846 -0.031857
v 0.315048 0.006846 -0.030446
v 0.312921 0.017125 -0.033984
v 0.313143 0.015966 -0.032351
v 0.314554 0.015966 -0.033763
v 0.315311 0.005687 -0.055008
v 0.315048 0.006846 -0.056156
v 0.316460 0.006846 -0.054745
v 0.312921 0.017125 -0.052618
v 0.314554 0.015966 -0.052839
v 0.313143 0.015966 -0.054251
v -0.181968 0.005687 -0.067030
v -0.181705 0.006846 -0.065881
v -0.183116 0.006846 -0.067293
v -0.179799 0.015966 -0.067787
v -0.179578 0.017125 -0.069420
v -0.181211 0.015966 -0.069198
v -0.181968 0.005687 -0.090443
v -0.183116 0.006846 -0.090180
v -0.181705 0.006846 -0.091592
v -0.179578 0.017125 -0.088053
v -0.179799 0.015966 -0.089686
v -0.181211 0.015966 -0.088275
v -0.158554 0.005687 -0.067030
v -0.157406 0.006846 -0.067293
v -0.158817 0.006846 -0.065881
v -0.160944 0.017125 -0.069420
v -0.160723 0.015966 -0.067787
v -0.159311 0.015966 -0.069198
v -0.158554 0.005687 -0.090443
v -0.158817 0.006846 -0.091592
v -0.157406 0.006846 -0.090180
v -0.160944 0.017125 -0.088053
v -0.159311 0.015966 -0.088275
v -0.160723 0.015966 -0.089686
v -0.209945 0.005687 -0.067030
v -0.209682 0.006846 -0.065881
v -0.211094 0.006846 -0.067293
v -0.207777 0.015966 -0.067787
v -0.207555 0.017125 -0.069420
v -0.209188 0.015966 -0.069198
v -0.209945 0.005687 -0.090443
v -0.211094 0.006846 -0.090180
v -0.209682 0.006846 -0.091592
v -0.207555 0.017125 -0.088053
v -0.207777 0.015966 -0.089686
v -0.209188 0.015966 -0.088275
v -0.186532 0.005687 -0.067030
v -0.185383 0.006846 -0.067293
v -0.186795 0.006846 -0.065881
v -0.188921 0.017125 -0.069420
v -0.188700 0.015966 -0.067787
v -0.187289 0.015966 -0.069198
v -0.186532 0.005687 -0.090443
v -0.186795 0.006846 -0.091592
v -0.185383 0.006846 -0.090180
v -0.188921 0.017125 -0.088053
v -0.187289 0.015966 -0.088275
v -0.188700 0.015966 -0.089686
v -0.237997 0.005687 -0.067030
v -0.237734 0.006846 -0.065881
v -0.239146 0.006846 -0.067293
v -0.235829 0.015966 -0.067787
v -0.235607 0.017125 -0.069420
v -0.237240 0.015966 -0.069198
v -0.237997 0.005687 -0.090443
v -0.239146 0.006846 -0.090180
v -0.237734 0.006846 -0.091592
v -0.235607 0.017125 -0.088053
v -0.235829 0.015966 -0.089686
v -0.237240 0.015966 -0.088275
v -0.214584 0.005687 -0.067030
v -0.213435 0.006846 -0.067293
v -0.214847 0.006846 -0.065881
v -0.216973 0.017125 -0.069420
v -0.216752 0.015966 -0.067787
v -0.215341 0.015966 -0.069198
v -0.214584 0.005687 -0.090443
v -0.214847 0.006846 -0.091592
v -0.213435 0.006846 -0.090180
v -0.216973 0.017125 -0.088053
v -0.215341 0.015966 -0.088275
v -0.216752 0.015966 -0.089686
v -0.265858 0.005687 -0.067030
v -0.265595 0.006846 -0.065881
v -0.267006 0.006846 -0.067293
v -0.263689 0.015966 -0.067787
v -0.263468 0.017125 -0.069420
v -0.265101 0.015966 -0.069198
v -0.265858 0.005687 -0.090443
v -0.267006 0.006846 -0.090180
v -0.265595 0.006846 -0.091592
v -0.263468 0.017125 -0.088053
v -0.263689 0.015966 -0.089686
v -0.265101 0.015966 -0.088275
v -0.242444 0.005687 -0.067030
v -0.241296 0.006846 -0.067293
v -0.242707 0.006846 -0.065881
v -0.244834 0.017125 -0.069420
v -0.244613 0.015966 -0.067787
v -0.243201 0.015966 -0.069198
v -0.242444 0.005687 -0.090443
v -0.242707 0.006846 -0.091592
v -0.241296 0.006846 -0.090180
v -0.244834 0.017125 -0.088053
v -0.243201 0.015966 -0.088275
v -0.244613 0.015966 -0.089686
v -0.051981 0.005687 -0.067030
v -0.051717 0.006846 -0.065881
v -0.053129 0.006846 -0.067293
v -0.049812 0.015966 -0.067787
v -0.049591 0.017125 -0.069420
v -0.051224 0.015966 -0.069198
v -0.051981 0.005687 -0.090443
v -0.053129 0.006846 -0.090180
v -0.051717 0.006846 -0.091592
v -0.049591 0.017125 -0.088053
v -0.049812 0.015966 -0.089686
v -0.051224 0.015966 -0.088275
v -0.028567 0.005687 -0.067030
v -0.027418 0.006846 -0.067293
v -0.028830 0.006846 -0.065881
v -0.030957 0.017125 -0.069420
v -0.030736 0.015966 -0.067787
v -0.029324 0.015966 -0.069198
v -0.028567 0.005687 -0.090443
v -0.028830 0.006846 -0.091592
v -0.027418 0.006846 -0.090180
v -0.030957 0.017125 -0.088053
v -0.029324 0.015966 -0.088275
v -0.030736 0.015966 -0.089686
v -0.079958 0.005687 -0.067030
v -0.079695 0.006846 -0.065881
v -0.081107 0.006846 -0.067293
v -0.077789 0.015966 -0.067787
v -0.077568 0.017125 -0.069420
v -0.079201 0.015966 -0.069198
v -0.079958 0.005687 -0.090443
v -0.081107 0.006846 -0.090180
v -0.079695 0.006846 -0.091592
v -0.077568 0.017125 -0.088053
v -0.077789 0.015966 -0.089686
v -0.079201 0.015966 -0.088275
v -0.056544 0.005687 -0.067030
v -0.055396 0.006846 -0.067293
v -0.056808 0.006846 -0.065881
v -0.058934 0.017125 -0.069420
v -0.058713 0.015966 -0.067787
v -0.057301 0.015966 -0.069198
v -0.056544 0.005687 -0.090443
v -0.056808 0.006846 -0.091592
v -0.055396 0.006846 -0.090180
v -0.058934 0.017125 -0.088053
v -0.057301 0.015966 -0.088275
v -0.058713 0.015966 -0.089686
v -0.108010 0.005687 -0.067030
v -0.107747 0.006846 -0.065881
v -0.109158 0.006846 -0.067293
v -0.105841 0.015966 -0.067787
v -0.105620 0.017125 -0.069420
v -0.107253 0.015966 -0.069198
v -0.108010 0.005687 -0.090443
v -0.109158 0.006846 -0.090180
v -0.107747 0.006846 -0.091592
v -0.105620 0.017125 -0.088053
v -0.105841 0.015966 -0.089686
v -0.107253 0.015966 -0.088275
v -0.084596 0.005687 -0.067030
v -0.083448 0.006846 -0.067293
v -0.084859 0.006846 -0.065881
v -0.086986 0.017125 -0.069420
v -0.086765 0.015966 -0.067787
v -0.085353 0.015966 -0.069198
v -0.084596 0.005687 -0.090443
v -0.084859 0.006846 -0.091592
v -0.083448 0.006846 -0.090180
v -0.086986 0.017125 -0.088053
v -0.085353 0.015966 -0.088275
v -0.086765 0.015966 -0.089686
v -0.135870 0.005687 -0.067030
v -0.135607 0.006846 -0.065881
v -0.137019 0.006846 -0.067293
v -0.133702 0.015966 -0.067787
v -0.133481 0.017125 -0.069420
v -0.135113 0.015966 -0.069198
v -0.135870 0.005687 -0.090443
v -0.137019 0.006846 -0.090180
v -0.135607 0.006846 -0.091592
v -0.133481 0.017125 -0.088053
v -0.133702 0.015966 -0.089686
v -0.135113 0.015966 -0.088275
v -0.112457 0.005687 -0.067030
v -0.111308 0.006846 -0.067293
v -0.112720 0.006846 -0.065881
v -0.114847 0.017125 -0.069420
v -0.114625 0.015966 -0.067787
v -0.113214 0.015966 -0.069198
v -0.112457 0.005687 -0.090443
v -0.112720 0.006846 -0.091592
v -0.111308 0.006846 -0.090180
v -0.114847 0.017125 -0.088053
v -0.113214 0.015966 -0.088275
v -0.114625 0.015966 -0.089686
v 0.077773 0.005687 -0.067030
v 0.078036 0.006846 -0.065881
v 0.076624 0.006846 -0.067293
v 0.079941 0.015966 -0.067787
v 0.080163 0.017125 -0.069420
v 0.078530 0.015966 -0.069198
v 0.077773 0.005687 -0.090443
v 0.076624 0.006846 -0.090180
v 0.078036 0.006846 -0.091592
v 0.080163 0.017125 -0.088053
v 0.079941 0.015966 -0.089686
v 0.078530 0.015966 -0.088275
v 0.101186 0.005687 -0.067030
v 0.102335 0.006846 -0.067293
v 0.100923 0.006846 -0.065881
v 0.098796 0.017125 -0.069420
v 0.099018 0.015966 -0.067787
v 0.100429 0.015966 -0.069198
v 0.101186 0.005687 -0.090443
v 0.100923 0.006846 -0.091592
v 0.102335 0.006846 -0.090180
v 0.098796 0.017125 -0.088053
v 0.100429 0.015966 -0.088275
v 0.099018 0.015966 -0.089686
v 0.049795 0.005687 -0.067030
v 0.050058 0.006846 -0.065881
v 0.048647 0.006846 -0.067293
v 0.051964 0.015966 -0.067787
v 0.052185 0.017125 -0.069420
v 0.050552 0.015966 -0.069198
v 0.049795 0.005687 -0.090443
v 0.048647 0.006846 -0.090180
v 0.050058 0.006846 -0.091592
v 0.052185 0.017125 -0.088053
v 0.051964 0.015966 -0.089686
v 0.050552 0.015966 -0.088275
v 0.073209 0.005687 -0.067030
v 0.074357 0.006846 -0.067293
v 0.072946 0.006846 -0.065881
v 0.070819 0.017125 -0.069420
v 0.071040 0.015966 -0.067787
v 0.072452 0.015966 -0.069198
v 0.073209 0.005687 -0.090443
v 0.072946 0.006846 -0.091592
v 0.074357 0.006846 -0.090180
v 0.070819 0.017125 -0.088053
v 0.072452 0.015966 -0.088275
v 0.071040 0.015966 -0.089686
v 0.021743 0.005687 -0.067030
v 0.022006 0.006846 -0.065881
v 0.020595 0.006846 -0.067293
v 0.023912 0.015966 -0.067787
v 0.024133 0.017125 -0.069420
v 0.022500 0.015966 -0.069198
v 0.021743 0.005687 -0.090443
v 0.020595 0.006846 -0.090180
v 0.022006 0.006846 -0.091592
v 0.024133 0.017125 -0.088053
v 0.023912 0.015966 -0.089686
v 0.022500 0.015966 -0.088275
v 0.045157 0.005687 -0.067030
v 0.046305 0.006846 -0.067293
v 0.044894 0.006846 -0.065881
v 0.042767 0.017125 -0.069420
v 0.042988 0.015966 -0.067787
v 0.044400 0.015966 -0.069198
v 0.045157 0.005687 -0.090443
v 0.044894 0.006846 -0.091592
v 0.046305 0.006846 -0.090180
v 0.042767 0.017125 -0.088053
v 0.044400 0.015966 -0.088275
v 0.042988 0.015966 -0.089686
v -0.006117 0.005687 -0.067030
v -0.005854 0.006846 -0.065881
v -0.007266 0.006846 -0.067293
v -0.003949 0.015966 -0.067787
v -0.003727 0.017125 -0.069420
v -0.005360 0.015966 -0.069198
v -0.006117 0.005687 -0.090443
v -0.007266 0.006846 -0.090180
v -0.005854 0.006846 -0.091592
v -0.003727 0.017125 -0.088053
v -0.003949 0.015966 -0.089686
v -0.005360 0.015966 -0.088275
v 0.017296 0.005687 -0.067030
v 0.018445 0.006846 -0.067293
v 0.017033 0.006846 -0.065881
v 0.014907 0.017125 -0.069420
v 0.015128 0.015966 -0.067787
v 0.016539 0.015966 -0.069198
v 0.017296 0.005687 -0.090443
v 0.017033 0.006846 -0.091592
v 0.018445 0.006846 -0.090180
v 0.014907 0.017125 -0.088053
v 0.016539 0.015966 -0.088275
v 0.015128 0.015966 -0.089686
v 0.169921 0.005687 -0.067030
v 0.170184 0.006846 -0.065881
v 0.168773 0.006846 -0.067293
v 0.172090 0.015966 -0.067787
v 0.172311 0.017125 -0.069420
v 0.170678 0.015966 -0.069198
v 0.169921 0.005687 -0.090443
v 0.168773 0.006846 -0.090180
v 0.170184 0.006846 -0.091592
v 0.172311 0.017125 -0.088053
v 0.172090 0.015966 -0.089686
v 0.170678 0.015966 -0.088275
v 0.193335 0.005687 -0.067030
v 0.194483 0.006846 -0.067293
v 0.193072 0.006846 -0.065881
v 0.190945 0.017125 -0.069420
v 0.191166 0.015966 -0.067787
v 0.192578 0.015966 -0.069198
v 0.193335 0.005687 -0.090443
v 0.193072 0.006846 -0.091592
v 0.194483 0.006846 -0.090180
v 0.190945 0.017125 -0.088053
v 0.192578 0.015966 -0.088275
v 0.191166 0.015966 -0.089686
v 0.141869 0.005687 -0.067030
v 0.142132 0.006846 -0.065881
v 0.140721 0.006846 -0.067293
v 0.144038 0.015966 -0.067787
v 0.144259 0.017125 -0.069420
v 0.142626 0.015966 -0.069198
v 0.141869 0.005687 -0.090443
v 0.140721 0.006846 -0.090180
v 0.142132 0.006846 -0.091592
v 0.144259 0.017125 -0.088053
v 0.144038 0.015966 -0.089686
v 0.142626 0.015966 -0.088275
v 0.165283 0.005687 -0.067030
v 0.166431 0.006846 -0.067293
v 0.165020 0.006846 -0.065881
v 0.162893 0.017125 -0.069420
v 0.163114 0.015966 -0.067787
v 0.164526 0.015966 -0.069198
v 0.165283 0.005687 -0.090443
v 0.165020 0.006846 -0.091592
v 0.166431 0.006846 -0.090180
v 0.162893 0.017125 -0.088053
v 0.164526 0.015966 -0.088275
v 0.163114 0.015966 -0.089686
v 0.114009 0.005687 -0.067030
v 0.114272 0.006846 -0.065881
v 0.112860 0.006846 -0.067293
v 0.116177 0.015966 -0.067787
v 0.116399 0.017125 -0.069420
v 0.114766 0.015966 -0.069198
v 0.114009 0.005687 -0.090443
v 0.112860 0.006846 -0.090180
v 0.114272 0.006846 -0.091592
v 0.116399 0.017125 -0.088053
v 0.116177 0.015966 -0.089686
v 0.114766 0.015966 -0.088275
v 0.137422 0.005687 -0.067030
v 0.138571 0.006846 -0.067293
v 0.137159 0.006846 -0.065881
v 0.135032 0.017125 -0.069420
v 0.135254 0.015966 -0.067787
v 0.136665 0.015966 -0.069198
v 0.137422 0.005687 -0.090443
v 0.137159 0.006846 -0.091592
v 0.138571 0.006846 -0.090180
v 0.135032 0.017125 -0.088053
v 0.136665 0.015966 -0.088275
v 0.135254 0.015966 -0.089686
v -0.312582 0.005687 -0.067030
v -0.312319 0.006846 -0.065881
v -0.313731 0.006846 -0.067293
v -0.310413 0.015966 -0.067787
v -0.310192 0.017125 -0.069420
v -0.311825 0.015966 -0.069198
v -0.312582 0.005687 -0.090443
v -0.313731 0.006846 -0.090180
v -0.312319 0.006846 -0.091592
v -0.310192 0.017125 -0.088053
v -0.310413 0.015966 -0.089686
v -0.311825 0.015966 -0.088275
v -0.289169 0.005687 -0.067030
v -0.288020 0.006846 -0.067293
v -0.289432 0.006846 -0.065881
v -0.291558 0.017125 -0.069420
v -0.291337 0.015966 -0.067787
v -0.289926 0.015966 -0.069198
v -0.289169 0.005687 -0.090443
v -0.289432 0.006846 -0.091592
v -0.288020 0.006846 -0.090180
v -0.291558 0.017125 -0.088053
v -0.289926 0.015966 -0.088275
v -0.291337 0.015966 -0.089686
v 0.043695 0.005687 0.023525
v 0.043958 0.006846 0.024673
v 0.042547 0.006846 0.023262
v 0.045864 0.015966 0.022768
v 0.046085 0.017125 0.021135
v 0.044452 0.015966 0.021356
v 0.043695 0.005687 0.000111
v 0.042547 0.006846 0.000374
v 0.043958 0.006846 -0.001037
v 0.046085 0.017125 0.002501
v 0.045864 0.015966 0.000868
v 0.044452 0.015966 0.002280
v 0.067109 0.005687 0.023525
v 0.068257 0.006846 0.023262
v 0.066846 0.006846 0.024673
v 0.064719 0.017125 0.021135
v 0.064940 0.015966 0.022768
v 0.066352 0.015966 0.021356
v 0.067109 0.005687 0.000111
v 0.066846 0.006846 -0.001037
v 0.068257 0.006846 0.000374
v 0.064719 0.017125 0.002501
v 0.066352 0.015966 0.002280
v 0.064940 0.015966 0.000868
v -0.277274 0.005687 0.051722
v -0.277011 0.006846 0.052871
v -0.278423 0.006846 0.051459
v -0.275106 0.015966 0.050965
v -0.274885 0.017125 0.049332
v -0.276517 0.015966 0.049553
v -0.277274 0.005687 0.028308
v -0.278423 0.006846 0.028571
v -0.277011 0.006846 0.027160
v -0.274885 0.017125 0.030698
v -0.275106 0.015966 0.029065
v -0.276517 0.015966 0.030477
v -0.253861 0.005687 0.051722
v -0.252712 0.006846 0.051459
v -0.254124 0.006846 0.052871
v -0.256251 0.017125 0.049332
v -0.256029 0.015966 0.050965
v -0.254618 0.015966 0.049553
v -0.253861 0.005687 0.028308
v -0.254124 0.006846 0.027160
v -0.252712 0.006846 0.028571
v -0.256251 0.017125 0.030698
v -0.254618 0.015966 0.030477
v -0.256029 0.015966 0.029065
vn -0.9952 -0.0000 0.0980
vn -0.9239 -0.0000 0.3827
vn -0.7071 -0.0000 0.7071
vn -0.3827 -0.0000 0.9239
vn -0.0980 -0.0000 0.9952
vn -0.9952 -0.0000 -0.0980
vn -0.9239 -0.0000 -0.3827
vn -0.7071 -0.0000 -0.7071
vn -0.3827 -0.0000 -0.9239
vn -0.0980 -0.0000 -0.9952
vn 0.0980 -0.0000 -0.9952
vn 0.3827 -0.0000 -0.9239
vn 0.7071 -0.0000 -0.7071
vn 0.9239 -0.0000 -0.3827
vn 0.9952 -0.0000 -0.0980
vn 0.9952 -0.0000 0.0980
vn 0.9239 -0.0000 0.3827
vn 0.7071 -0.0000 0.7071
vn 0.3827 -0.0000 0.9239
vn 0.0980 -0.0000 0.9952
vn -0.0000 1.0000 -0.0000
vn -0.0000 -1.0000 -0.0000
vn -0.6221 -0.4753 0.6221
vn -0.2020 0.8114 0.5485
vn -0.3576 0.8627 0.3576
vn -0.5485 0.8114 0.2020
vn -0.6221 -0.4753 -0.6221
vn -0.3576 0.8627 -0.3576
vn -0.2020 0.8114 -0.5485
vn -0.5485 0.8114 -0.2020
vn 0.6221 -0.4753 0.6221
vn 0.3576 0.8627 0.3576
vn 0.2020 0.8114 0.5485
vn 0.5485 0.8114 0.2020
vn 0.6221 -0.4753 -0.6221
vn 0.3576 0.8627 -0.3576
vn 0.5485 0.8114 -0.2020
vn 0.2020 0.8114 -0.5485
vn -0.7103 -0.7039 -0.0000
vn -0.6781 0.2834 0.6781
vn -0.6781 0.2834 -0.6781
vn -0.0000 -0.7039 -0.7103
vn 0.6781 0.2834 -0.6781
vn 0.7103 -0.7039 -0.0000
vn 0.6781 0.2834 0.6781
vn -0.0000 -0.7039 0.7103
vn -0.9789 0.2045 -0.0000
vn -0.0000 0.2045 0.9789
vn -0.0000 0.2045 -0.9789
vn 0.9789 0.2045 -0.0000
vn -0.6163 -0.4709 0.6312
vn -0.2027 0.8053 0.5572
vn -0.3570 0.8601 0.3643
vn -0.5484 0.8108 0.2045
vn -0.6163 -0.4709 -0.6312
vn -0.3570 0.8601 -0.3643
vn -0.2027 0.8053 -0.5572
vn -0.5484 0.8108 -0.2045
vn 0.6163 -0.4709 0.6312
vn 0.3570 0.8601 0.3643
vn 0.2027 0.8053 0.5572
vn 0.5484 0.8108 0.2045
vn 0.6163 -0.4709 -0.6312
vn 0.3570 0.8601 -0.3643
vn 0.5484 0.8108 -0.2045
vn 0.2027 0.8053 -0.5572
vn -0.6706 0.2802 0.6868
vn -0.6707 0.2802 -0.6868
vn -0.0000 -0.6954 -0.7186
vn 0.6706 0.2802 -0.6868
vn 0.6706 0.2802 0.6868
vn -0.0000 -0.6954 0.7186
vn -0.0000 0.1999 0.9798
vn -0.0000 0.1999 -0.9798
vn -0.0000 0.8155 -0.5788
vn 0.5788 0.8155 -0.0000
vn -0.9918 0.1275 -0.0000
vn -0.9913 0.1316 -0.0000
vn -0.9907 0.1362 -0.0000
vn -0.0000 0.8155 0.5788
vn -0.9893 0.1460 -0.0000
vn -0.9885 0.1510 -0.0000
vn -0.9896 0.1436 -0.0000
vn -0.1980 0.7765 0.5982
vn -0.3588 0.8460 0.3944
vn -0.3588 0.8460 -0.3944
vn -0.1980 0.7765 -0.5982
vn 0.9208 0.3800 0.0882
vn 0.8939 0.4183 0.1612
vn 0.9303 0.3625 0.0563
vn 0.8939 0.4183 -0.1612
vn 0.9208 0.3800 -0.0882
vn 0.9303 0.3625 -0.0563
vn 0.6747 0.2995 -0.6746
vn 0.6747 0.2995 0.6747
vn 0.0064 0.7531 0.6579
vn 0.0008 0.2137 0.9769
vn 0.0009 0.2132 0.9770
vn 0.0017 0.2103 0.9776
vn 0.0008 0.2137 -0.9769
vn 0.0009 0.2132 -0.9770
vn -0.0000 0.2167 -0.9762
vn 0.9762 0.2167 -0.0000
vn 0.0017 0.2103 -0.9776
vn -0.0000 0.2167 0.9762
vn 0.0064 0.7531 -0.6579
vt 0.488099 0.986011
vt 0.499759 0.986011
vt 0.499759 0.992690
vt 0.488099 0.992690
vt 0.499759 0.999370
vt 0.488099 0.999370
vt 0.501020 0.000631
vt 0.512680 0.000631
vt 0.512680 0.007310
vt 0.501020 0.007310
vt 0.512680 0.013989
vt 0.501020 0.013989
vt 0.499759 0.777776
vt 0.488099 0.777776
vt 0.488099 0.771096
vt 0.499759 0.771096
vt 0.488099 0.764417
vt 0.499759 0.764417
vt 0.488099 0.757737
vt 0.499759 0.757737
vt 0.488099 0.751058
vt 0.499759 0.751058
vt 0.499758 0.013989
vt 0.488098 0.013989
vt 0.488098 0.007310
vt 0.499758 0.007310
vt 0.488098 0.000631
vt 0.499758 0.000631
vt 0.512680 0.999369
vt 0.501020 0.999369
vt 0.501020 0.992690
vt 0.512680 0.992690
vt 0.501020 0.986010
vt 0.512680 0.986010
vt 0.512680 0.777776
vt 0.501020 0.777776
vt 0.501020 0.771096
vt 0.512680 0.771096
vt 0.501020 0.764417
vt 0.512680 0.764417
vt 0.501020 0.757737
vt 0.512680 0.757737
vt 0.501020 0.751058
vt 0.512680 0.751058
vt 0.000631 0.017749
vt 0.001934 0.011198
vt 0.005645 0.005645
vt 0.011199 0.001934
vt 0.017750 0.000631
vt 0.225985 0.000631
vt 0.232536 0.001934
vt 0.238090 0.005645
vt 0.241800 0.011198
vt 0.243104 0.017749
vt 0.243103 0.754818
vt 0.241800 0.761369
vt 0.238089 0.766923
vt 0.232536 0.770634
vt 0.225984 0.771937
vt 0.017749 0.771937
vt 0.011198 0.770634
vt 0.005645 0.766923
vt 0.001934 0.761369
vt 0.000631 0.754818
vt 0.486837 0.754817
vt 0.485534 0.761369
vt 0.481823 0.766922
vt 0.476270 0.770633
vt 0.469718 0.771936
vt 0.261484 0.771936
vt 0.254932 0.770633
vt 0.249379 0.766922
vt 0.245668 0.761369
vt 0.244365 0.754817
vt 0.244365 0.017750
vt 0.245668 0.011198
vt 0.249379 0.005645
vt 0.254933 0.001934
vt 0.261484 0.000631
vt 0.469719 0.000630
vt 0.476270 0.001934
vt 0.481823 0.005645
vt 0.485534 0.011198
vt 0.486837 0.017749
vt 0.816395 0.769446
vt 0.810755 0.766552
vt 0.813211 0.764046
vt 0.802186 0.755746
vt 0.801736 0.753783
vt 0.803760 0.754149
vt 0.816310 0.722782
vt 0.813443 0.728386
vt 0.810944 0.725922
vt 0.800824 0.737482
vt 0.801234 0.735448
vt 0.802757 0.737074
vt 0.769865 0.769175
vt 0.772735 0.763577
vt 0.775234 0.766045
vt 0.785373 0.754475
vt 0.784959 0.756514
vt 0.783424 0.754886
vt 0.769865 0.722627
vt 0.775478 0.725503
vt 0.773031 0.728000
vt 0.784466 0.738213
vt 0.782456 0.737857
vt 0.784020 0.736272
vt 0.769865 0.770707
vt 0.775573 0.773587
vt 0.773088 0.776198
vt 0.784716 0.784029
vt 0.785117 0.785925
vt 0.783255 0.785530
vt 0.769994 0.817471
vt 0.772808 0.811892
vt 0.775386 0.814271
vt 0.784427 0.801625
vt 0.783982 0.803604
vt 0.782430 0.802000
vt 0.816448 0.771020
vt 0.813573 0.776620
vt 0.811075 0.774142
vt 0.800841 0.785625
vt 0.801303 0.783629
vt 0.802814 0.785265
vt 0.816383 0.817471
vt 0.810859 0.814644
vt 0.813214 0.812158
vt 0.801271 0.802413
vt 0.803325 0.802818
vt 0.801682 0.804494
vt 0.672267 0.774530
vt 0.666488 0.771141
vt 0.669029 0.768717
vt 0.658034 0.760384
vt 0.657584 0.758425
vt 0.659606 0.758791
vt 0.672188 0.727412
vt 0.669296 0.733032
vt 0.666795 0.730562
vt 0.656669 0.742144
vt 0.657074 0.740114
vt 0.658599 0.741735
vt 0.625745 0.773426
vt 0.628584 0.768217
vt 0.630979 0.770746
vt 0.641229 0.759168
vt 0.640814 0.761211
vt 0.639279 0.759578
vt 0.625745 0.727322
vt 0.631345 0.730189
vt 0.628903 0.732683
vt 0.640339 0.742886
vt 0.638322 0.742526
vt 0.639887 0.740931
vt 0.673981 0.675514
vt 0.676764 0.670281
vt 0.679271 0.672721
vt 0.686435 0.660555
vt 0.688442 0.660136
vt 0.688050 0.662101
vt 0.720617 0.676152
vt 0.714922 0.672836
vt 0.717383 0.670416
vt 0.705273 0.660716
vt 0.707352 0.661162
vt 0.705651 0.662784
vt 0.674092 0.629506
vt 0.679712 0.632306
vt 0.677252 0.634898
vt 0.689318 0.644437
vt 0.687443 0.643996
vt 0.688951 0.642560
vt 0.720617 0.629135
vt 0.717727 0.634801
vt 0.715210 0.632344
vt 0.704909 0.643801
vt 0.705307 0.641823
vt 0.706893 0.643391
vt 0.626132 0.097350
vt 0.631579 0.100532
vt 0.628965 0.103022
vt 0.640808 0.110773
vt 0.641276 0.112675
vt 0.639351 0.112323
vt 0.625745 0.144459
vt 0.629037 0.138666
vt 0.631491 0.141095
vt 0.640978 0.128879
vt 0.640591 0.130951
vt 0.638962 0.129296
vt 0.672206 0.097350
vt 0.669429 0.102609
vt 0.667004 0.100123
vt 0.656979 0.111761
vt 0.657375 0.109762
vt 0.658905 0.111351
vt 0.672681 0.143416
vt 0.667052 0.140649
vt 0.669468 0.138111
vt 0.657838 0.127977
vt 0.659867 0.128337
vt 0.658306 0.129965
vt 0.721928 0.869119
vt 0.727599 0.871922
vt 0.725129 0.874550
vt 0.736874 0.882297
vt 0.737322 0.884208
vt 0.735401 0.883836
vt 0.721928 0.915735
vt 0.724770 0.910154
vt 0.727266 0.912516
vt 0.736810 0.900418
vt 0.736399 0.902485
vt 0.734786 0.900813
vt 0.768507 0.868762
vt 0.765622 0.874424
vt 0.763110 0.871966
vt 0.753033 0.883507
vt 0.753451 0.881515
vt 0.754964 0.883119
vt 0.768345 0.915337
vt 0.762755 0.912522
vt 0.765199 0.910009
vt 0.753692 0.899729
vt 0.755716 0.900115
vt 0.754134 0.901724
vt 0.721928 0.917353
vt 0.727599 0.920156
vt 0.725129 0.922784
vt 0.736874 0.930531
vt 0.737322 0.932442
vt 0.735401 0.932070
vt 0.721928 0.963969
vt 0.724770 0.958388
vt 0.727266 0.960750
vt 0.736810 0.948652
vt 0.736399 0.950719
vt 0.734786 0.949047
vt 0.768507 0.916996
vt 0.765622 0.922658
vt 0.763110 0.920200
vt 0.753033 0.931741
vt 0.753451 0.929749
vt 0.754964 0.931353
vt 0.768345 0.963571
vt 0.762755 0.960756
vt 0.765199 0.958243
vt 0.753692 0.947963
vt 0.755716 0.948349
vt 0.754134 0.949958
vt 0.673981 0.723793
vt 0.676764 0.718559
vt 0.679271 0.720999
vt 0.686435 0.708834
vt 0.688442 0.708414
vt 0.688050 0.710379
vt 0.720617 0.724431
vt 0.714922 0.721115
vt 0.717383 0.718694
vt 0.705273 0.708994
vt 0.707352 0.709440
vt 0.705651 0.711062
vt 0.674092 0.677785
vt 0.679712 0.680585
vt 0.677252 0.683177
vt 0.689318 0.692716
vt 0.687443 0.692274
vt 0.688951 0.690838
vt 0.720617 0.677413
vt 0.717727 0.683080
vt 0.715210 0.680622
vt 0.704909 0.692080
vt 0.705307 0.690101
vt 0.706893 0.691670
vt 0.576112 0.784500
vt 0.581764 0.787229
vt 0.579311 0.789872
vt 0.591118 0.797587
vt 0.591569 0.799532
vt 0.589634 0.799146
vt 0.576112 0.831127
vt 0.578948 0.825485
vt 0.581459 0.827824
vt 0.590880 0.815724
vt 0.590471 0.817748
vt 0.588870 0.816103
vt 0.622718 0.783440
vt 0.619868 0.789083
vt 0.617355 0.786750
vt 0.607798 0.798746
vt 0.608162 0.796731
vt 0.609824 0.798320
vt 0.622516 0.829995
vt 0.616896 0.827285
vt 0.619346 0.824649
vt 0.607116 0.814998
vt 0.609038 0.815383
vt 0.607561 0.816939
vt 0.625745 0.630549
vt 0.631563 0.633856
vt 0.628999 0.636405
vt 0.640721 0.644177
vt 0.641172 0.646080
vt 0.639253 0.645711
vt 0.625745 0.677653
vt 0.628613 0.672044
vt 0.631114 0.674412
vt 0.640667 0.662280
vt 0.640260 0.664348
vt 0.638644 0.662677
vt 0.672385 0.631083
vt 0.669535 0.636337
vt 0.667126 0.633830
vt 0.656857 0.645281
vt 0.657224 0.643301
vt 0.658797 0.644845
vt 0.672161 0.677110
vt 0.666600 0.674312
vt 0.669036 0.671808
vt 0.657547 0.661555
vt 0.659576 0.661938
vt 0.657994 0.663550
vt 0.576112 0.478784
vt 0.579166 0.472921
vt 0.581840 0.475461
vt 0.589583 0.463151
vt 0.591595 0.462670
vt 0.591213 0.464685
vt 0.624139 0.478784
vt 0.618575 0.475859
vt 0.621051 0.473345
vt 0.608638 0.463280
vt 0.610775 0.463732
vt 0.609026 0.465392
vt 0.576352 0.424633
vt 0.581571 0.427491
vt 0.578971 0.429908
vt 0.590772 0.440540
vt 0.588701 0.440083
vt 0.590379 0.438523
vt 0.623246 0.424401
vt 0.620627 0.430046
vt 0.618005 0.427642
vt 0.607786 0.439756
vt 0.608159 0.437646
vt 0.609865 0.439268
vt 0.565209 0.000631
vt 0.562825 0.006754
vt 0.559786 0.004329
vt 0.551907 0.018436
vt 0.549464 0.019048
vt 0.549888 0.016515
vt 0.513941 0.001405
vt 0.519154 0.004537
vt 0.516083 0.007016
vt 0.529174 0.020067
vt 0.526734 0.019493
vt 0.528696 0.017632
vt 0.565162 0.206653
vt 0.559946 0.203513
vt 0.563020 0.201033
vt 0.549912 0.187955
vt 0.552362 0.188536
vt 0.550396 0.190411
vt 0.513941 0.207320
vt 0.516322 0.201213
vt 0.519355 0.203638
vt 0.529665 0.188942
vt 0.529247 0.191465
vt 0.527229 0.189553
vt 0.576112 0.128765
vt 0.578649 0.123437
vt 0.581338 0.125968
vt 0.589215 0.113299
vt 0.591319 0.112812
vt 0.590907 0.114902
vt 0.624416 0.130277
vt 0.618823 0.126744
vt 0.621507 0.124339
vt 0.609048 0.113660
vt 0.611237 0.114179
vt 0.609401 0.115846
vt 0.576112 0.066272
vt 0.581583 0.069249
vt 0.578933 0.071745
vt 0.590795 0.082931
vt 0.588672 0.082474
vt 0.590367 0.080821
vt 0.624274 0.066389
vt 0.621677 0.072101
vt 0.618984 0.069666
vt 0.608558 0.082210
vt 0.608950 0.080022
vt 0.610721 0.081712
vt 0.623430 0.253139
vt 0.620861 0.258517
vt 0.618194 0.256020
vt 0.610503 0.268426
vt 0.608488 0.268901
vt 0.608866 0.266904
vt 0.576112 0.253048
vt 0.581439 0.256301
vt 0.578814 0.258741
vt 0.591803 0.268414
vt 0.589712 0.267963
vt 0.591399 0.266326
vt 0.624017 0.308371
vt 0.618475 0.305540
vt 0.621030 0.303005
vt 0.609060 0.292393
vt 0.611154 0.292865
vt 0.609460 0.294457
vt 0.576112 0.309474
vt 0.579122 0.303623
vt 0.581726 0.306032
vt 0.591451 0.293278
vt 0.591099 0.295433
vt 0.589304 0.293782
vt 0.623879 0.194274
vt 0.621299 0.199959
vt 0.618552 0.197516
vt 0.610847 0.209927
vt 0.608795 0.210410
vt 0.609191 0.208365
vt 0.576550 0.193973
vt 0.581696 0.196883
vt 0.579131 0.199275
vt 0.591474 0.209655
vt 0.589317 0.209168
vt 0.591107 0.207514
vt 0.624359 0.251787
vt 0.618790 0.248817
vt 0.621406 0.246302
vt 0.609484 0.235474
vt 0.611583 0.235954
vt 0.609870 0.237529
vt 0.576112 0.251787
vt 0.579148 0.245959
vt 0.581744 0.248475
vt 0.592165 0.236186
vt 0.591776 0.238328
vt 0.590050 0.236669
vt 0.576254 0.367141
vt 0.578924 0.361470
vt 0.581555 0.363911
vt 0.589850 0.352212
vt 0.591959 0.351739
vt 0.591560 0.353872
vt 0.623855 0.367279
vt 0.618338 0.364328
vt 0.620932 0.361841
vt 0.609186 0.351093
vt 0.611256 0.351573
vt 0.609556 0.353114
vt 0.576112 0.310735
vt 0.581612 0.313720
vt 0.579090 0.316202
vt 0.591416 0.326512
vt 0.589267 0.326021
vt 0.591053 0.324369
vt 0.623855 0.311381
vt 0.621211 0.317057
vt 0.618488 0.314591
vt 0.608664 0.327354
vt 0.609063 0.325342
vt 0.610693 0.326892
vt 0.623583 0.480045
vt 0.620859 0.485828
vt 0.618224 0.483410
vt 0.610074 0.495017
vt 0.608040 0.495488
vt 0.608397 0.493422
vt 0.576112 0.481166
vt 0.581661 0.483950
vt 0.579112 0.486564
vt 0.591589 0.496560
vt 0.589579 0.496132
vt 0.591168 0.494603
vt 0.623445 0.533994
vt 0.617915 0.531158
vt 0.620471 0.528630
vt 0.608549 0.518000
vt 0.610668 0.518470
vt 0.608958 0.520065
vt 0.576112 0.534793
vt 0.578786 0.529134
vt 0.581394 0.531460
vt 0.591047 0.518939
vt 0.590700 0.521068
vt 0.588942 0.519430
vt 0.576112 0.423140
vt 0.578794 0.417528
vt 0.581390 0.419875
vt 0.589046 0.407846
vt 0.591206 0.407376
vt 0.590811 0.409525
vt 0.622981 0.422850
vt 0.617836 0.419991
vt 0.620458 0.417602
vt 0.608766 0.406797
vt 0.610839 0.407296
vt 0.609125 0.408839
vt 0.576112 0.368540
vt 0.581637 0.371460
vt 0.579133 0.374029
vt 0.591987 0.383697
vt 0.589928 0.383222
vt 0.591617 0.381611
vt 0.624210 0.368626
vt 0.621053 0.374505
vt 0.618410 0.371941
vt 0.608554 0.384518
vt 0.608958 0.382567
vt 0.610537 0.384091
vt 0.576146 0.065011
vt 0.578751 0.059276
vt 0.581450 0.061715
vt 0.589728 0.049650
vt 0.591899 0.049155
vt 0.591499 0.051347
vt 0.624378 0.065011
vt 0.618920 0.062036
vt 0.621583 0.059552
vt 0.609667 0.048474
vt 0.611792 0.048982
vt 0.610038 0.050554
vt 0.576112 0.000631
vt 0.581710 0.004196
vt 0.579010 0.006597
vt 0.591475 0.017346
vt 0.589279 0.016817
vt 0.591124 0.015145
vt 0.624484 0.002361
vt 0.621949 0.007673
vt 0.619267 0.005140
vt 0.609271 0.018265
vt 0.609684 0.016190
vt 0.611372 0.017788
vt 0.625745 0.629288
vt 0.628530 0.624061
vt 0.630954 0.626460
vt 0.638580 0.614862
vt 0.640615 0.614408
vt 0.640264 0.616473
vt 0.672296 0.629246
vt 0.666558 0.625998
vt 0.669073 0.623546
vt 0.657484 0.613323
vt 0.659516 0.613688
vt 0.657948 0.615299
vt 0.625745 0.583371
vt 0.631342 0.586069
vt 0.628919 0.588692
vt 0.641136 0.598159
vt 0.639224 0.597809
vt 0.640662 0.596262
vt 0.672313 0.582096
vt 0.669423 0.587851
vt 0.666881 0.585420
vt 0.656788 0.596996
vt 0.657127 0.595014
vt 0.658724 0.596543
vt 0.626080 0.001716
vt 0.631359 0.004406
vt 0.628858 0.006956
vt 0.640670 0.014622
vt 0.641140 0.016510
vt 0.639222 0.016166
vt 0.625745 0.047752
vt 0.628955 0.042412
vt 0.631305 0.044899
vt 0.640874 0.032716
vt 0.640486 0.034790
vt 0.638860 0.033132
vt 0.672168 0.000631
vt 0.669336 0.006342
vt 0.666794 0.003915
vt 0.656870 0.015596
vt 0.657260 0.013596
vt 0.658796 0.015181
vt 0.672685 0.047752
vt 0.666879 0.044491
vt 0.669394 0.042016
vt 0.657746 0.031799
vt 0.659777 0.032160
vt 0.658212 0.033787
vt 0.672306 0.822955
vt 0.666543 0.819606
vt 0.669021 0.817092
vt 0.656913 0.809929
vt 0.656500 0.807923
vt 0.658462 0.808322
vt 0.672240 0.775791
vt 0.669371 0.781358
vt 0.666877 0.778971
vt 0.657188 0.791101
vt 0.657638 0.789023
vt 0.659260 0.790729
vt 0.625805 0.821820
vt 0.628611 0.816569
vt 0.631104 0.819113
vt 0.640816 0.807033
vt 0.640366 0.808909
vt 0.638936 0.807391
vt 0.625745 0.775791
vt 0.631349 0.778652
vt 0.628901 0.781148
vt 0.640267 0.791436
vt 0.638292 0.791030
vt 0.639863 0.789452
vt 0.625745 0.580835
vt 0.628562 0.575537
vt 0.631078 0.577971
vt 0.638213 0.565820
vt 0.640209 0.565422
vt 0.639812 0.567350
vt 0.672503 0.580835
vt 0.666775 0.577611
vt 0.669226 0.575085
vt 0.656505 0.566023
vt 0.658498 0.566484
vt 0.656882 0.568057
vt 0.626142 0.534712
vt 0.631717 0.537437
vt 0.629273 0.540036
vt 0.641294 0.549719
vt 0.639415 0.549302
vt 0.640887 0.547784
vt 0.672398 0.533782
vt 0.669548 0.539411
vt 0.667040 0.537057
vt 0.657515 0.549169
vt 0.657959 0.547138
vt 0.659574 0.548815
vt 0.564379 0.420390
vt 0.562063 0.426259
vt 0.559060 0.423803
vt 0.551286 0.437553
vt 0.548929 0.438102
vt 0.549384 0.435807
vt 0.513994 0.419728
vt 0.519340 0.422866
vt 0.516545 0.425348
vt 0.529501 0.436898
vt 0.527179 0.436284
vt 0.529169 0.434532
vt 0.564379 0.524783
vt 0.559020 0.521630
vt 0.561822 0.519145
vt 0.548842 0.507568
vt 0.551171 0.508185
vt 0.549178 0.509946
vt 0.513941 0.524001
vt 0.516257 0.518143
vt 0.519255 0.520598
vt 0.529374 0.506331
vt 0.528923 0.508605
vt 0.527026 0.506873
vt 0.816387 0.480885
vt 0.810783 0.478038
vt 0.813163 0.475454
vt 0.801043 0.468327
vt 0.800632 0.466315
vt 0.802596 0.466716
vt 0.816357 0.434233
vt 0.813511 0.439768
vt 0.811024 0.437385
vt 0.801333 0.449475
vt 0.801788 0.447397
vt 0.803407 0.449105
vt 0.769865 0.480555
vt 0.772710 0.474925
vt 0.775298 0.477407
vt 0.784933 0.465361
vt 0.784481 0.467236
vt 0.783052 0.465717
vt 0.769865 0.434034
vt 0.775487 0.436920
vt 0.773026 0.439419
vt 0.784402 0.449759
vt 0.782426 0.449349
vt 0.784002 0.447773
vt 0.721928 0.435013
vt 0.727599 0.437816
vt 0.725129 0.440444
vt 0.736874 0.448191
vt 0.737322 0.450102
vt 0.735401 0.449730
vt 0.721928 0.481629
vt 0.724770 0.476048
vt 0.727266 0.478410
vt 0.736810 0.466312
vt 0.736399 0.468379
vt 0.734786 0.466707
vt 0.768507 0.434656
vt 0.765622 0.440318
vt 0.763111 0.437860
vt 0.753033 0.449401
vt 0.753451 0.447409
vt 0.754964 0.449013
vt 0.768345 0.481231
vt 0.762755 0.478416
vt 0.765199 0.475903
vt 0.753692 0.465623
vt 0.755717 0.466009
vt 0.754134 0.467618
vt 0.721928 0.483247
vt 0.727599 0.486050
vt 0.725129 0.488678
vt 0.736874 0.496425
vt 0.737322 0.498336
vt 0.735401 0.497964
vt 0.721928 0.529863
vt 0.724770 0.524282
vt 0.727266 0.526644
vt 0.736810 0.514547
vt 0.736399 0.516613
vt 0.734786 0.514941
vt 0.768507 0.482890
vt 0.765622 0.488552
vt 0.763111 0.486094
vt 0.753033 0.497635
vt 0.753451 0.495643
vt 0.754964 0.497247
vt 0.768345 0.529465
vt 0.762755 0.526650
vt 0.765199 0.524137
vt 0.753692 0.513857
vt 0.755716 0.514243
vt 0.754134 0.515852
vt 0.721928 0.386779
vt 0.727599 0.389582
vt 0.725129 0.392210
vt 0.736874 0.399957
vt 0.737322 0.401868
vt 0.735401 0.401496
vt 0.721928 0.433395
vt 0.724770 0.427814
vt 0.727266 0.430176
vt 0.736810 0.418078
vt 0.736399 0.420145
vt 0.734786 0.418473
vt 0.768507 0.386422
vt 0.765622 0.392084
vt 0.763111 0.389626
vt 0.753033 0.401167
vt 0.753451 0.399175
vt 0.754964 0.400779
vt 0.768346 0.432997
vt 0.762755 0.430182
vt 0.765199 0.427669
vt 0.753692 0.417389
vt 0.755717 0.417775
vt 0.754135 0.419384
vt 0.721928 0.531481
vt 0.727599 0.534284
vt 0.725129 0.536912
vt 0.736874 0.544659
vt 0.737322 0.546570
vt 0.735401 0.546198
vt 0.721928 0.578097
vt 0.724770 0.572516
vt 0.727266 0.574878
vt 0.736810 0.562781
vt 0.736399 0.564847
vt 0.734786 0.563175
vt 0.768507 0.531124
vt 0.765622 0.536786
vt 0.763111 0.534328
vt 0.753033 0.545869
vt 0.753451 0.543877
vt 0.754964 0.545481
vt 0.768345 0.577699
vt 0.762755 0.574884
vt 0.765199 0.572371
vt 0.753692 0.562091
vt 0.755717 0.562477
vt 0.754135 0.564086
vt 0.816397 0.432773
vt 0.810758 0.429882
vt 0.813212 0.427377
vt 0.802191 0.419083
vt 0.801740 0.417122
vt 0.803763 0.417487
vt 0.816294 0.386151
vt 0.813432 0.391743
vt 0.810936 0.389281
vt 0.800825 0.400829
vt 0.801232 0.398800
vt 0.802755 0.400422
vt 0.769865 0.432527
vt 0.772738 0.426924
vt 0.775239 0.429393
vt 0.785386 0.417819
vt 0.784971 0.419858
vt 0.783436 0.418229
vt 0.769865 0.385922
vt 0.775486 0.388806
vt 0.773035 0.391306
vt 0.784491 0.401544
vt 0.782473 0.401182
vt 0.784041 0.399587
vt 0.721928 0.724417
vt 0.727599 0.727220
vt 0.725129 0.729848
vt 0.736874 0.737595
vt 0.737322 0.739506
vt 0.735401 0.739134
vt 0.721928 0.771033
vt 0.724770 0.765452
vt 0.727266 0.767814
vt 0.736810 0.755717
vt 0.736399 0.757783
vt 0.734786 0.756112
vt 0.768507 0.724060
vt 0.765622 0.729722
vt 0.763111 0.727264
vt 0.753033 0.738805
vt 0.753451 0.736813
vt 0.754964 0.738417
vt 0.768345 0.770635
vt 0.762755 0.767820
vt 0.765199 0.765307
vt 0.753692 0.755027
vt 0.755717 0.755413
vt 0.754134 0.757022
vt 0.622664 0.879949
vt 0.617094 0.877013
vt 0.619475 0.874543
vt 0.608027 0.866781
vt 0.607619 0.864732
vt 0.609671 0.865129
vt 0.622664 0.833341
vt 0.619783 0.838887
vt 0.617300 0.836392
vt 0.606979 0.847880
vt 0.607436 0.845845
vt 0.608954 0.847507
vt 0.576246 0.878999
vt 0.579085 0.873426
vt 0.581665 0.875925
vt 0.591362 0.863810
vt 0.590917 0.865728
vt 0.589465 0.864189
vt 0.576112 0.832388
vt 0.581773 0.835361
vt 0.579298 0.837847
vt 0.590616 0.848171
vt 0.588647 0.847783
vt 0.590211 0.846223
vt 0.816387 0.528997
vt 0.810783 0.526150
vt 0.813163 0.523566
vt 0.801043 0.516439
vt 0.800632 0.514427
vt 0.802595 0.514828
vt 0.816357 0.482344
vt 0.813511 0.487880
vt 0.811024 0.485497
vt 0.801333 0.497586
vt 0.801788 0.495509
vt 0.803407 0.497216
vt 0.769865 0.528667
vt 0.772710 0.523037
vt 0.775298 0.525519
vt 0.784933 0.513473
vt 0.784481 0.515347
vt 0.783052 0.513829
vt 0.769865 0.482146
vt 0.775487 0.485031
vt 0.773026 0.487531
vt 0.784402 0.497871
vt 0.782426 0.497461
vt 0.784002 0.495885
vt 0.721928 0.288462
vt 0.724778 0.282808
vt 0.727387 0.285295
vt 0.735207 0.273607
vt 0.737115 0.273169
vt 0.736733 0.275087
vt 0.768541 0.288757
vt 0.762980 0.285880
vt 0.765358 0.283400
vt 0.753323 0.273780
vt 0.755387 0.274203
vt 0.753705 0.275805
vt 0.721928 0.241817
vt 0.727554 0.244739
vt 0.725097 0.247227
vt 0.736468 0.257477
vt 0.734493 0.257097
vt 0.736046 0.255534
vt 0.768450 0.242351
vt 0.765599 0.247914
vt 0.763105 0.245452
vt 0.752741 0.256892
vt 0.753139 0.254865
vt 0.754740 0.256460
vt 0.720667 0.579635
vt 0.714965 0.576792
vt 0.717433 0.574175
vt 0.705787 0.566413
vt 0.705371 0.564513
vt 0.707250 0.564902
vt 0.720323 0.533402
vt 0.717571 0.538601
vt 0.715080 0.536166
vt 0.706001 0.548845
vt 0.706437 0.546866
vt 0.707990 0.548463
vt 0.674030 0.579635
vt 0.676919 0.573991
vt 0.679432 0.576469
vt 0.689645 0.564912
vt 0.689193 0.566912
vt 0.687674 0.565280
vt 0.673981 0.532658
vt 0.679666 0.535965
vt 0.677222 0.538386
vt 0.689167 0.548151
vt 0.687113 0.547751
vt 0.688752 0.546076
vt 0.626244 0.532521
vt 0.628997 0.527187
vt 0.631547 0.529704
vt 0.639281 0.517942
vt 0.641176 0.517506
vt 0.640807 0.519390
vt 0.672467 0.532521
vt 0.667099 0.529359
vt 0.669600 0.526911
vt 0.656839 0.517924
vt 0.658817 0.518340
vt 0.657239 0.519903
vt 0.625745 0.486393
vt 0.631396 0.489187
vt 0.628956 0.491724
vt 0.640611 0.501777
vt 0.638606 0.501346
vt 0.640221 0.499807
vt 0.672640 0.485584
vt 0.669381 0.491341
vt 0.666929 0.488914
vt 0.657396 0.501124
vt 0.657816 0.499052
vt 0.659455 0.500730
vt 0.769865 0.143840
vt 0.772719 0.138176
vt 0.775331 0.140674
vt 0.783094 0.128858
vt 0.784991 0.128473
vt 0.784556 0.130401
vt 0.816466 0.144119
vt 0.810904 0.141245
vt 0.813282 0.138763
vt 0.801242 0.129135
vt 0.803307 0.129562
vt 0.801622 0.131166
vt 0.769865 0.097171
vt 0.775491 0.100094
vt 0.773035 0.102580
vt 0.784395 0.112826
vt 0.782426 0.112444
vt 0.783976 0.110884
vt 0.816375 0.097711
vt 0.813523 0.103273
vt 0.811030 0.100811
vt 0.800664 0.112247
vt 0.801063 0.110220
vt 0.802664 0.111816
vt 0.721928 0.676183
vt 0.727599 0.678986
vt 0.725129 0.681614
vt 0.736874 0.689361
vt 0.737322 0.691272
vt 0.735401 0.690900
vt 0.721928 0.722799
vt 0.724770 0.717218
vt 0.727266 0.719580
vt 0.736810 0.707483
vt 0.736399 0.709549
vt 0.734786 0.707877
vt 0.768507 0.675826
vt 0.765622 0.681488
vt 0.763110 0.679030
vt 0.753033 0.690571
vt 0.753451 0.688579
vt 0.754964 0.690183
vt 0.768345 0.722401
vt 0.762755 0.719586
vt 0.765199 0.717074
vt 0.753692 0.706793
vt 0.755716 0.707179
vt 0.754134 0.708788
vt 0.721928 0.772651
vt 0.727599 0.775454
vt 0.725129 0.778082
vt 0.736874 0.785829
vt 0.737322 0.787740
vt 0.735401 0.787368
vt 0.721928 0.819267
vt 0.724770 0.813686
vt 0.727266 0.816048
vt 0.736810 0.803950
vt 0.736399 0.806017
vt 0.734786 0.804345
vt 0.768507 0.772294
vt 0.765622 0.777956
vt 0.763110 0.775498
vt 0.753033 0.787039
vt 0.753451 0.785047
vt 0.754964 0.786651
vt 0.768345 0.818869
vt 0.762755 0.816054
vt 0.765199 0.813541
vt 0.753692 0.803261
vt 0.755717 0.803647
vt 0.754134 0.805256
vt 0.673981 0.243341
vt 0.679645 0.246106
vt 0.677198 0.248737
vt 0.688951 0.256382
vt 0.689414 0.258284
vt 0.687492 0.257926
vt 0.674231 0.289432
vt 0.677007 0.284235
vt 0.679415 0.286646
vt 0.688997 0.274502
vt 0.688597 0.276573
vt 0.686976 0.274906
vt 0.720634 0.242636
vt 0.717749 0.248328
vt 0.715226 0.245892
vt 0.705095 0.257421
vt 0.705449 0.255441
vt 0.707033 0.256974
vt 0.720634 0.289674
vt 0.714891 0.286398
vt 0.717415 0.283952
vt 0.705874 0.273678
vt 0.707906 0.274053
vt 0.706329 0.275669
vt 0.721928 0.240260
vt 0.724778 0.234606
vt 0.727387 0.237094
vt 0.735207 0.225406
vt 0.737115 0.224968
vt 0.736733 0.226885
vt 0.768541 0.240556
vt 0.762980 0.237679
vt 0.765358 0.235198
vt 0.753323 0.225578
vt 0.755387 0.226001
vt 0.753705 0.227604
vt 0.721928 0.193615
vt 0.727554 0.196538
vt 0.725097 0.199025
vt 0.736468 0.209275
vt 0.734494 0.208895
vt 0.736046 0.207332
vt 0.768450 0.194149
vt 0.765599 0.199712
vt 0.763105 0.197250
vt 0.752741 0.208690
vt 0.753139 0.206663
vt 0.754740 0.208259
vt 0.769865 0.000987
vt 0.775536 0.003791
vt 0.773066 0.006419
vt 0.784811 0.014166
vt 0.785259 0.016076
vt 0.783338 0.015704
vt 0.769865 0.047603
vt 0.772707 0.042023
vt 0.775203 0.044384
vt 0.784747 0.032287
vt 0.784336 0.034354
vt 0.782723 0.032682
vt 0.816444 0.000631
vt 0.813559 0.006292
vt 0.811047 0.003835
vt 0.800970 0.015376
vt 0.801388 0.013384
vt 0.802901 0.014988
vt 0.816283 0.047206
vt 0.810692 0.044391
vt 0.813136 0.041878
vt 0.801629 0.031598
vt 0.803654 0.031984
vt 0.802072 0.033593
vt 0.673981 0.339336
vt 0.679797 0.342631
vt 0.677235 0.345182
vt 0.688964 0.352956
vt 0.689413 0.354863
vt 0.687493 0.354491
vt 0.673981 0.386442
vt 0.676849 0.380830
vt 0.679351 0.383199
vt 0.688904 0.371063
vt 0.688497 0.373131
vt 0.686881 0.371460
vt 0.720551 0.339807
vt 0.717704 0.345071
vt 0.715294 0.342553
vt 0.705120 0.354108
vt 0.705537 0.352113
vt 0.707051 0.353720
vt 0.720415 0.385882
vt 0.714843 0.383086
vt 0.717277 0.380578
vt 0.705783 0.370337
vt 0.707807 0.370720
vt 0.706229 0.372330
vt 0.625745 0.387192
vt 0.628619 0.381510
vt 0.631235 0.384007
vt 0.639079 0.372281
vt 0.640993 0.371845
vt 0.640610 0.373764
vt 0.672376 0.387371
vt 0.666836 0.384508
vt 0.669206 0.382034
vt 0.657197 0.372441
vt 0.659259 0.372864
vt 0.657580 0.374465
vt 0.625745 0.340111
vt 0.631518 0.343535
vt 0.628963 0.345942
vt 0.640402 0.356141
vt 0.638413 0.355708
vt 0.640028 0.354209
vt 0.672300 0.341450
vt 0.669480 0.346636
vt 0.667082 0.344111
vt 0.656628 0.355549
vt 0.657028 0.353525
vt 0.658626 0.355121
vt 0.816387 0.577109
vt 0.810783 0.574262
vt 0.813163 0.571678
vt 0.801044 0.564551
vt 0.800632 0.562539
vt 0.802596 0.562940
vt 0.816357 0.530456
vt 0.813511 0.535992
vt 0.811024 0.533609
vt 0.801333 0.545698
vt 0.801788 0.543621
vt 0.803407 0.545328
vt 0.769865 0.576779
vt 0.772710 0.571149
vt 0.775298 0.573631
vt 0.784933 0.561585
vt 0.784481 0.563459
vt 0.783052 0.561941
vt 0.769865 0.530258
vt 0.775487 0.533143
vt 0.773026 0.535643
vt 0.784402 0.545983
vt 0.782426 0.545573
vt 0.784002 0.543997
vt 0.816397 0.384661
vt 0.810758 0.381770
vt 0.813212 0.379265
vt 0.802191 0.370971
vt 0.801740 0.369010
vt 0.803763 0.369375
vt 0.816294 0.338039
vt 0.813432 0.343631
vt 0.810936 0.341169
vt 0.800825 0.352717
vt 0.801232 0.350688
vt 0.802755 0.352310
vt 0.769865 0.384415
vt 0.772738 0.378812
vt 0.775239 0.381281
vt 0.785386 0.369707
vt 0.784971 0.371746
vt 0.783436 0.370117
vt 0.769865 0.337810
vt 0.775486 0.340694
vt 0.773035 0.343194
vt 0.784491 0.353432
vt 0.782473 0.353070
vt 0.784041 0.351475
vt 0.816387 0.625221
vt 0.810783 0.622374
vt 0.813163 0.619790
vt 0.801043 0.612663
vt 0.800632 0.610651
vt 0.802595 0.611052
vt 0.816357 0.578568
vt 0.813511 0.584103
vt 0.811024 0.581721
vt 0.801333 0.593810
vt 0.801788 0.591733
vt 0.803407 0.593440
vt 0.769865 0.624891
vt 0.772710 0.619261
vt 0.775298 0.621743
vt 0.784933 0.609697
vt 0.784481 0.611571
vt 0.783052 0.610053
vt 0.769865 0.578370
vt 0.775487 0.581256
vt 0.773026 0.583755
vt 0.784402 0.594095
vt 0.782426 0.593685
vt 0.784002 0.592109
vt 0.539578 0.406179
vt 0.537897 0.407796
vt 0.537355 0.405522
vt 0.577604 0.165541
vt 0.578615 0.167877
vt 0.576112 0.167688
vt 0.534752 0.380099
vt 0.533111 0.381296
vt 0.532921 0.379260
vt 0.580865 0.190265
vt 0.580390 0.192698
vt 0.578427 0.190960
vt 0.528000 0.308436
vt 0.526012 0.308812
vt 0.524970 0.277581
vt 0.526705 0.276660
vt 0.528375 0.336343
vt 0.526648 0.337607
vt 0.526418 0.335456
vt 0.619843 0.188771
vt 0.622260 0.189303
vt 0.620450 0.191169
vt 0.525943 0.410617
vt 0.525335 0.407710
vt 0.522270 0.380032
vt 0.522525 0.382605
vt 0.534666 0.372573
vt 0.532490 0.372561
vt 0.587128 0.190154
vt 0.587011 0.192712
vt 0.515244 0.336064
vt 0.515449 0.338775
vt 0.620343 0.166260
vt 0.622756 0.166025
vt 0.620541 0.134431
vt 0.622756 0.133956
vt 0.585419 0.166393
vt 0.584422 0.163801
vt 0.591269 0.131538
vt 0.592110 0.133868
vt 0.540079 0.415485
vt 0.526576 0.418467
vt 0.520829 0.373337
vt 0.514469 0.311550
vt 0.513941 0.277075
vt 0.542436 0.414469
vt 0.525114 0.275565
vt 0.621081 0.132261
vt 0.514117 0.274414
vt 0.530630 0.245678
vt 0.528867 0.246097
vt 0.518966 0.243029
vt 0.540632 0.214552
vt 0.542436 0.213744
vt 0.530162 0.208581
vt 0.513961 0.919430
vt 0.516384 0.913636
vt 0.519281 0.916024
vt 0.526582 0.902503
vt 0.528867 0.901967
vt 0.528445 0.904190
vt 0.563105 0.919430
vt 0.557764 0.916431
vt 0.560426 0.913955
vt 0.547746 0.902957
vt 0.549982 0.903534
vt 0.548082 0.905243
vt 0.513941 0.841673
vt 0.519323 0.844684
vt 0.516655 0.847212
vt 0.529671 0.857843
vt 0.527472 0.857289
vt 0.529318 0.855591
vt 0.563314 0.841830
vt 0.560865 0.847679
vt 0.557955 0.845221
vt 0.547933 0.858922
vt 0.548373 0.856770
vt 0.550161 0.858430
vt 0.673981 0.388391
vt 0.679639 0.391155
vt 0.677188 0.393785
vt 0.688936 0.401451
vt 0.689394 0.403359
vt 0.687472 0.402996
vt 0.674153 0.434484
vt 0.676938 0.429290
vt 0.679343 0.431705
vt 0.688945 0.419575
vt 0.688541 0.421646
vt 0.686923 0.419976
vt 0.720569 0.387703
vt 0.717676 0.393408
vt 0.715149 0.390952
vt 0.705099 0.402568
vt 0.705507 0.400573
vt 0.707029 0.402171
vt 0.720569 0.434792
vt 0.714822 0.431507
vt 0.717347 0.429063
vt 0.705821 0.418780
vt 0.707847 0.419159
vt 0.706271 0.420770
vt 0.721928 0.820885
vt 0.727599 0.823688
vt 0.725129 0.826316
vt 0.736874 0.834063
vt 0.737322 0.835974
vt 0.735401 0.835602
vt 0.721928 0.867501
vt 0.724770 0.861920
vt 0.727266 0.864282
vt 0.736810 0.852184
vt 0.736399 0.854251
vt 0.734786 0.852579
vt 0.768507 0.820528
vt 0.765622 0.826190
vt 0.763111 0.823732
vt 0.753033 0.835273
vt 0.753451 0.833281
vt 0.754964 0.834885
vt 0.768345 0.867103
vt 0.762755 0.864288
vt 0.765199 0.861775
vt 0.753692 0.851495
vt 0.755717 0.851881
vt 0.754135 0.853490
vt 0.673981 0.436740
vt 0.679639 0.439504
vt 0.677189 0.442134
vt 0.688936 0.449801
vt 0.689394 0.451708
vt 0.687472 0.451345
vt 0.674153 0.482834
vt 0.676938 0.477639
vt 0.679343 0.480054
vt 0.688945 0.467924
vt 0.688541 0.469995
vt 0.686924 0.468326
vt 0.720569 0.436053
vt 0.717676 0.441758
vt 0.715149 0.439301
vt 0.705099 0.450917
vt 0.705507 0.448923
vt 0.707029 0.450521
vt 0.720569 0.483141
vt 0.714822 0.479857
vt 0.717347 0.477412
vt 0.705821 0.467129
vt 0.707847 0.467508
vt 0.706271 0.469120
vt 0.576112 0.735566
vt 0.581760 0.738280
vt 0.579309 0.740926
vt 0.591124 0.748637
vt 0.591574 0.750588
vt 0.589638 0.750199
vt 0.576112 0.782179
vt 0.578947 0.776538
vt 0.581458 0.778877
vt 0.590879 0.766779
vt 0.590469 0.768801
vt 0.588869 0.767157
vt 0.622635 0.734407
vt 0.619786 0.740065
vt 0.617271 0.737720
vt 0.607832 0.749841
vt 0.608242 0.747813
vt 0.609848 0.749460
vt 0.622523 0.781050
vt 0.616892 0.778340
vt 0.619339 0.775701
vt 0.607113 0.766057
vt 0.609031 0.766443
vt 0.607556 0.767998
vt 0.721928 0.336664
vt 0.724778 0.331009
vt 0.727387 0.333497
vt 0.735207 0.321809
vt 0.737115 0.321371
vt 0.736733 0.323289
vt 0.768541 0.336959
vt 0.762980 0.334082
vt 0.765358 0.331602
vt 0.753323 0.321981
vt 0.755387 0.322405
vt 0.753705 0.324007
vt 0.721928 0.290018
vt 0.727554 0.292941
vt 0.725097 0.295429
vt 0.736468 0.305679
vt 0.734494 0.305299
vt 0.736046 0.303735
vt 0.768450 0.290553
vt 0.765599 0.296116
vt 0.763105 0.293653
vt 0.752741 0.305094
vt 0.753139 0.303066
vt 0.754740 0.304662
vt 0.721928 0.579715
vt 0.727599 0.582518
vt 0.725129 0.585146
vt 0.736874 0.592893
vt 0.737322 0.594804
vt 0.735401 0.594432
vt 0.721928 0.626331
vt 0.724770 0.620750
vt 0.727266 0.623112
vt 0.736810 0.611014
vt 0.736399 0.613081
vt 0.734786 0.611409
vt 0.768507 0.579358
vt 0.765622 0.585020
vt 0.763111 0.582562
vt 0.753033 0.594103
vt 0.753451 0.592111
vt 0.754964 0.593715
vt 0.768346 0.625933
vt 0.762755 0.623118
vt 0.765199 0.620605
vt 0.753692 0.610325
vt 0.755717 0.610711
vt 0.754135 0.612320
vt 0.720532 0.338075
vt 0.714946 0.335242
vt 0.717317 0.332664
vt 0.705223 0.325570
vt 0.704806 0.323566
vt 0.706769 0.323962
vt 0.720490 0.291882
vt 0.717681 0.297044
vt 0.715287 0.294600
vt 0.705491 0.306709
vt 0.705950 0.304622
vt 0.707569 0.306337
vt 0.673981 0.337868
vt 0.676845 0.332222
vt 0.679435 0.334699
vt 0.689135 0.322694
vt 0.688740 0.324556
vt 0.687245 0.323104
vt 0.673981 0.290935
vt 0.679738 0.294306
vt 0.677193 0.296725
vt 0.688536 0.307083
vt 0.686564 0.306679
vt 0.688139 0.305114
vt 0.816395 0.721366
vt 0.810755 0.718472
vt 0.813211 0.715966
vt 0.802186 0.707666
vt 0.801736 0.705703
vt 0.803760 0.706069
vt 0.816310 0.674702
vt 0.813444 0.680306
vt 0.810944 0.677842
vt 0.800824 0.689402
vt 0.801234 0.687368
vt 0.802757 0.688994
vt 0.769865 0.721095
vt 0.772735 0.715497
vt 0.775234 0.717965
vt 0.785373 0.706395
vt 0.784959 0.708434
vt 0.783424 0.706806
vt 0.769865 0.674547
vt 0.775478 0.677423
vt 0.773031 0.679920
vt 0.784466 0.690133
vt 0.782456 0.689777
vt 0.784020 0.688192
vt 0.721928 0.627949
vt 0.727599 0.630752
vt 0.725129 0.633380
vt 0.736874 0.641127
vt 0.737322 0.643038
vt 0.735401 0.642666
vt 0.721928 0.674565
vt 0.724770 0.668984
vt 0.727266 0.671346
vt 0.736810 0.659248
vt 0.736399 0.661315
vt 0.734786 0.659643
vt 0.768507 0.627592
vt 0.765622 0.633254
vt 0.763111 0.630796
vt 0.753033 0.642337
vt 0.753451 0.640345
vt 0.754964 0.641949
vt 0.768345 0.674167
vt 0.762755 0.671352
vt 0.765199 0.668839
vt 0.753692 0.658559
vt 0.755717 0.658945
vt 0.754135 0.660554
vt 0.625745 0.872533
vt 0.631567 0.875828
vt 0.628998 0.878375
vt 0.640668 0.886244
vt 0.641070 0.888186
vt 0.639179 0.887766
vt 0.625745 0.919711
vt 0.628590 0.914063
vt 0.631174 0.916430
vt 0.640155 0.903832
vt 0.639705 0.905770
vt 0.638174 0.904185
vt 0.672275 0.872979
vt 0.669460 0.878176
vt 0.667060 0.875749
vt 0.657370 0.887832
vt 0.657827 0.885792
vt 0.659435 0.887478
vt 0.672160 0.919043
vt 0.666631 0.916314
vt 0.668974 0.913731
vt 0.656436 0.904673
vt 0.658396 0.905084
vt 0.656847 0.906715
vt 0.672310 0.968114
vt 0.666551 0.964771
vt 0.669026 0.962257
vt 0.656925 0.955104
vt 0.656509 0.953106
vt 0.658469 0.953501
vt 0.672236 0.920972
vt 0.669369 0.926537
vt 0.666876 0.924151
vt 0.657191 0.936280
vt 0.657641 0.934203
vt 0.659263 0.935907
vt 0.625802 0.967019
vt 0.628606 0.961763
vt 0.631107 0.964305
vt 0.640900 0.952270
vt 0.640503 0.954152
vt 0.639002 0.952687
vt 0.625745 0.920972
vt 0.631351 0.923833
vt 0.628902 0.926331
vt 0.640283 0.936621
vt 0.638302 0.936218
vt 0.639875 0.934637
vt 0.625745 0.338679
vt 0.628619 0.332992
vt 0.631238 0.335490
vt 0.639082 0.323754
vt 0.640997 0.323317
vt 0.640614 0.325238
vt 0.672429 0.338850
vt 0.666873 0.335985
vt 0.669243 0.333506
vt 0.657215 0.323908
vt 0.659284 0.324335
vt 0.657600 0.325937
vt 0.625745 0.291601
vt 0.631514 0.295017
vt 0.628962 0.297424
vt 0.640401 0.307607
vt 0.638413 0.307176
vt 0.640025 0.305677
vt 0.672233 0.292910
vt 0.669426 0.298090
vt 0.667029 0.295570
vt 0.656607 0.306993
vt 0.657002 0.304977
vt 0.658589 0.306569
vt 0.622910 0.536074
vt 0.620203 0.541735
vt 0.617538 0.539285
vt 0.609847 0.551237
vt 0.607895 0.551700
vt 0.608270 0.549740
vt 0.576444 0.536055
vt 0.581624 0.538883
vt 0.579162 0.541282
vt 0.591337 0.551137
vt 0.589245 0.550703
vt 0.590951 0.549079
vt 0.623494 0.585627
vt 0.617840 0.582712
vt 0.620350 0.580190
vt 0.608650 0.569868
vt 0.610677 0.570304
vt 0.609038 0.571842
vt 0.576112 0.585627
vt 0.579320 0.579845
vt 0.581814 0.582384
vt 0.592061 0.570519
vt 0.591626 0.572597
vt 0.590040 0.570929
vt 0.564796 0.526294
vt 0.563192 0.530800
vt 0.560818 0.529013
vt 0.555764 0.540222
vt 0.553754 0.540802
vt 0.554070 0.538848
vt 0.526087 0.526044
vt 0.529849 0.528488
vt 0.527580 0.530259
vt 0.537118 0.540067
vt 0.535123 0.539419
vt 0.536879 0.538054
vt 0.561965 0.596813
vt 0.559070 0.594474
vt 0.561453 0.593075
vt 0.554783 0.572666
vt 0.557452 0.573811
vt 0.555786 0.574573
vt 0.553986 0.574598
vt 0.526299 0.596813
vt 0.526929 0.592832
vt 0.529303 0.594242
vt 0.555779 0.584227
vt 0.554094 0.585395
vt 0.553142 0.584860
vt 0.554585 0.583672
vt 0.513941 0.579982
vt 0.517206 0.578768
vt 0.531751 0.573595
vt 0.534543 0.572466
vt 0.535327 0.574544
vt 0.533452 0.574438
vt 0.534931 0.585577
vt 0.533239 0.584336
vt 0.535878 0.585049
vt 0.574851 0.580885
vt 0.571653 0.579549
vt 0.534461 0.583813
vt 0.553050 0.583327
vt 0.536009 0.583506
vt 0.562203 0.920691
vt 0.559678 0.926524
vt 0.556840 0.924091
vt 0.549198 0.936887
vt 0.547092 0.937380
vt 0.547488 0.935305
vt 0.514089 0.921282
vt 0.519234 0.924126
vt 0.516627 0.926612
vt 0.529685 0.936711
vt 0.527521 0.936223
vt 0.529288 0.934544
vt 0.562541 0.985315
vt 0.556918 0.981930
vt 0.559665 0.979476
vt 0.547508 0.968351
vt 0.549667 0.968863
vt 0.547903 0.970483
vt 0.513941 0.985315
vt 0.516787 0.979864
vt 0.519365 0.982352
vt 0.529337 0.969274
vt 0.528980 0.971493
vt 0.527136 0.969802
vt 0.769865 0.289805
vt 0.775595 0.292678
vt 0.773115 0.295299
vt 0.784785 0.303096
vt 0.785201 0.304994
vt 0.783322 0.304606
vt 0.770225 0.336549
vt 0.773011 0.330968
vt 0.775595 0.333335
vt 0.784577 0.320666
vt 0.784141 0.322645
vt 0.782586 0.321049
vt 0.816568 0.290011
vt 0.813710 0.295608
vt 0.811210 0.293155
vt 0.800912 0.304575
vt 0.801316 0.302590
vt 0.802894 0.304161
vt 0.816568 0.336408
vt 0.811047 0.333600
vt 0.813395 0.331110
vt 0.801426 0.321396
vt 0.803485 0.321794
vt 0.801844 0.323477
vt 0.625745 0.435714
vt 0.628619 0.430031
vt 0.631235 0.432528
vt 0.639079 0.420802
vt 0.640993 0.420366
vt 0.640610 0.422285
vt 0.672376 0.435892
vt 0.666836 0.433029
vt 0.669206 0.430555
vt 0.657197 0.420962
vt 0.659259 0.421385
vt 0.657580 0.422986
vt 0.625745 0.388632
vt 0.631518 0.392056
vt 0.628963 0.394464
vt 0.640402 0.404662
vt 0.638413 0.404229
vt 0.640028 0.402731
vt 0.672299 0.389971
vt 0.669480 0.395158
vt 0.667082 0.392632
vt 0.656628 0.404071
vt 0.657028 0.402046
vt 0.658626 0.403642
vt 0.720526 0.241374
vt 0.714905 0.238500
vt 0.717351 0.235999
vt 0.706343 0.227737
vt 0.705891 0.225776
vt 0.707914 0.226139
vt 0.720419 0.195213
vt 0.717589 0.200423
vt 0.715193 0.197900
vt 0.704976 0.209469
vt 0.705385 0.207431
vt 0.706909 0.209060
vt 0.673981 0.241266
vt 0.676878 0.235638
vt 0.679382 0.238112
vt 0.689532 0.226504
vt 0.689121 0.228544
vt 0.687583 0.226917
vt 0.673981 0.194224
vt 0.679734 0.197591
vt 0.677203 0.200009
vt 0.688616 0.210254
vt 0.686607 0.209898
vt 0.688169 0.208316
vt 0.769929 0.288151
vt 0.772757 0.282880
vt 0.775182 0.285394
vt 0.783555 0.274332
vt 0.785535 0.273913
vt 0.785144 0.275898
vt 0.816469 0.288544
vt 0.810696 0.285262
vt 0.813237 0.282744
vt 0.801173 0.273201
vt 0.803040 0.273632
vt 0.801542 0.275057
vt 0.769865 0.241985
vt 0.775399 0.244787
vt 0.773050 0.247287
vt 0.785085 0.256995
vt 0.783012 0.256601
vt 0.784649 0.254906
vt 0.816469 0.241667
vt 0.813643 0.247293
vt 0.811044 0.244925
vt 0.802003 0.257535
vt 0.802379 0.255580
vt 0.804001 0.257109
vt 0.576112 0.977253
vt 0.578940 0.971631
vt 0.581456 0.973967
vt 0.589004 0.962363
vt 0.591047 0.961913
vt 0.590691 0.963979
vt 0.622704 0.976413
vt 0.617106 0.973638
vt 0.619536 0.971109
vt 0.607930 0.960903
vt 0.609968 0.961272
vt 0.608392 0.962887
vt 0.576169 0.930834
vt 0.581791 0.933558
vt 0.579347 0.936185
vt 0.591646 0.945630
vt 0.589720 0.945223
vt 0.591228 0.943742
vt 0.622704 0.929772
vt 0.619843 0.935482
vt 0.617315 0.933062
vt 0.607249 0.944557
vt 0.607591 0.942590
vt 0.609170 0.944116
vt 0.576168 0.632931
vt 0.578981 0.627722
vt 0.581474 0.630303
vt 0.589553 0.618658
vt 0.591511 0.618255
vt 0.591077 0.620181
vt 0.622740 0.634906
vt 0.617027 0.631426
vt 0.619511 0.629053
vt 0.607671 0.619290
vt 0.609682 0.619748
vt 0.608000 0.621303
vt 0.576112 0.586888
vt 0.581678 0.589852
vt 0.579284 0.592304
vt 0.591152 0.601989
vt 0.589136 0.601533
vt 0.590817 0.599968
vt 0.622740 0.587959
vt 0.619865 0.593555
vt 0.617280 0.591036
vt 0.607336 0.603062
vt 0.607765 0.601155
vt 0.609286 0.602664
vt 0.816413 0.673286
vt 0.810782 0.670404
vt 0.813230 0.667901
vt 0.802223 0.659620
vt 0.801775 0.657674
vt 0.803791 0.658033
vt 0.816293 0.626719
vt 0.813436 0.632307
vt 0.810941 0.629847
vt 0.800841 0.641395
vt 0.801247 0.639366
vt 0.802770 0.640986
vt 0.769865 0.673127
vt 0.772740 0.667511
vt 0.775245 0.669981
vt 0.785397 0.658392
vt 0.784980 0.660436
vt 0.783443 0.658803
vt 0.769865 0.626482
vt 0.775489 0.629366
vt 0.773037 0.631868
vt 0.784499 0.642109
vt 0.782480 0.641748
vt 0.784048 0.640152
vt 0.721928 0.384866
vt 0.724778 0.379211
vt 0.727387 0.381699
vt 0.735206 0.370011
vt 0.737115 0.369573
vt 0.736733 0.371491
vt 0.768541 0.385161
vt 0.762980 0.382284
vt 0.765358 0.379804
vt 0.753323 0.370183
vt 0.755387 0.370607
vt 0.753705 0.372209
vt 0.721928 0.338220
vt 0.727554 0.341143
vt 0.725097 0.343630
vt 0.736468 0.353881
vt 0.734493 0.353500
vt 0.736046 0.351937
vt 0.768450 0.338754
vt 0.765599 0.344317
vt 0.763104 0.341855
vt 0.752741 0.353295
vt 0.753139 0.351268
vt 0.754740 0.352864
vt 0.673981 0.774648
vt 0.679637 0.777410
vt 0.677182 0.780033
vt 0.688860 0.787794
vt 0.689269 0.789735
vt 0.687377 0.789323
vt 0.674113 0.820815
vt 0.676881 0.815576
vt 0.679374 0.817997
vt 0.688403 0.805393
vt 0.687956 0.807331
vt 0.686424 0.805748
vt 0.720512 0.773951
vt 0.717646 0.779577
vt 0.715137 0.777212
vt 0.705568 0.789351
vt 0.706017 0.787312
vt 0.707633 0.788990
vt 0.720512 0.821041
vt 0.714795 0.817812
vt 0.717243 0.815285
vt 0.704673 0.806176
vt 0.706633 0.806584
vt 0.705086 0.808214
vt 0.625745 0.244178
vt 0.631074 0.246877
vt 0.628565 0.249444
vt 0.640407 0.257171
vt 0.640841 0.259105
vt 0.638943 0.258719
vt 0.625745 0.290340
vt 0.628901 0.284966
vt 0.631345 0.287448
vt 0.640245 0.274761
vt 0.639824 0.276704
vt 0.638276 0.275143
vt 0.672289 0.242924
vt 0.669028 0.248719
vt 0.666568 0.246306
vt 0.657122 0.258521
vt 0.657544 0.256477
vt 0.659176 0.258133
vt 0.672148 0.290004
vt 0.666761 0.286886
vt 0.669261 0.284401
vt 0.656512 0.275343
vt 0.658479 0.275724
vt 0.656951 0.277374
vt 0.626223 0.049013
vt 0.631584 0.052167
vt 0.629069 0.054632
vt 0.641317 0.061740
vt 0.641749 0.063779
vt 0.639768 0.063380
vt 0.625745 0.096089
vt 0.629050 0.090302
vt 0.631498 0.092734
vt 0.641036 0.080582
vt 0.640598 0.082612
vt 0.638986 0.080948
vt 0.672266 0.049013
vt 0.669543 0.054247
vt 0.667029 0.051843
vt 0.657998 0.064410
vt 0.658387 0.062475
vt 0.659997 0.063992
vt 0.672720 0.095106
vt 0.667027 0.092350
vt 0.669483 0.089710
vt 0.657250 0.080159
vt 0.659144 0.080607
vt 0.657617 0.082078
vt 0.720653 0.531397
vt 0.714960 0.528553
vt 0.717431 0.525938
vt 0.705778 0.518170
vt 0.705361 0.516268
vt 0.707244 0.516656
vt 0.720371 0.485233
vt 0.717620 0.490431
vt 0.715118 0.487996
vt 0.705946 0.500577
vt 0.706335 0.498607
vt 0.707950 0.500146
vt 0.674012 0.531397
vt 0.676904 0.525750
vt 0.679417 0.528230
vt 0.689634 0.516672
vt 0.689181 0.518672
vt 0.687662 0.517040
vt 0.673981 0.484402
vt 0.679668 0.487724
vt 0.677221 0.490142
vt 0.689156 0.499912
vt 0.687103 0.499513
vt 0.688741 0.497842
vt 0.721928 0.145768
vt 0.727502 0.148530
vt 0.725142 0.151128
vt 0.737331 0.158195
vt 0.737747 0.160253
vt 0.735765 0.159834
vt 0.721928 0.192354
vt 0.724768 0.186779
vt 0.727262 0.189140
vt 0.736842 0.177081
vt 0.736385 0.179113
vt 0.734783 0.177431
vt 0.768460 0.145325
vt 0.765631 0.150944
vt 0.763055 0.148582
vt 0.754081 0.161131
vt 0.754531 0.159207
vt 0.756060 0.160786
vt 0.768356 0.191967
vt 0.762704 0.189172
vt 0.765173 0.186558
vt 0.753137 0.176799
vt 0.755010 0.177219
vt 0.753531 0.178735
vt 0.769865 0.049321
vt 0.775475 0.052134
vt 0.773033 0.054655
vt 0.784127 0.062933
vt 0.784575 0.064931
vt 0.782543 0.064547
vt 0.769865 0.095910
vt 0.772732 0.090260
vt 0.775241 0.092708
vt 0.785273 0.081188
vt 0.784864 0.083169
vt 0.783361 0.081574
vt 0.816370 0.048865
vt 0.813521 0.054460
vt 0.811020 0.052096
vt 0.801466 0.064220
vt 0.801877 0.062148
vt 0.803498 0.063822
vt 0.816317 0.095507
vt 0.810659 0.092716
vt 0.813122 0.090092
vt 0.800951 0.080474
vt 0.802856 0.080839
vt 0.801397 0.082374
vt 0.720667 0.627874
vt 0.714965 0.625030
vt 0.717433 0.622414
vt 0.705787 0.614651
vt 0.705371 0.612751
vt 0.707250 0.613140
vt 0.720323 0.581641
vt 0.717571 0.586839
vt 0.715080 0.584405
vt 0.706001 0.597083
vt 0.706437 0.595104
vt 0.707990 0.596702
vt 0.674030 0.627874
vt 0.676919 0.622229
vt 0.679432 0.624708
vt 0.689645 0.613151
vt 0.689193 0.615150
vt 0.687674 0.613518
vt 0.673981 0.580896
vt 0.679666 0.584204
vt 0.677222 0.586624
vt 0.689167 0.596390
vt 0.687113 0.595989
vt 0.688752 0.594315
vt 0.720546 0.144578
vt 0.714788 0.141240
vt 0.717262 0.138725
vt 0.705155 0.131574
vt 0.704740 0.129570
vt 0.706702 0.129967
vt 0.720473 0.097437
vt 0.717606 0.103002
vt 0.715112 0.100616
vt 0.705427 0.112745
vt 0.705877 0.110667
vt 0.707499 0.112372
vt 0.674064 0.143511
vt 0.676869 0.138252
vt 0.679367 0.140798
vt 0.689091 0.128688
vt 0.688641 0.130581
vt 0.687204 0.129053
vt 0.673981 0.097437
vt 0.679590 0.100298
vt 0.677142 0.102796
vt 0.688518 0.113081
vt 0.686542 0.112677
vt 0.688113 0.111098
vt 0.720546 0.096176
vt 0.714787 0.092833
vt 0.717261 0.090319
vt 0.705161 0.083166
vt 0.704744 0.081167
vt 0.706705 0.081563
vt 0.720472 0.049034
vt 0.717605 0.054599
vt 0.715111 0.052213
vt 0.705427 0.064342
vt 0.705876 0.062265
vt 0.707499 0.063969
vt 0.674038 0.095081
vt 0.676842 0.089825
vt 0.679343 0.092367
vt 0.689136 0.080332
vt 0.688738 0.082214
vt 0.687238 0.080748
vt 0.673981 0.049034
vt 0.679587 0.051894
vt 0.677137 0.054393
vt 0.688519 0.064683
vt 0.686537 0.064280
vt 0.688111 0.062698
vt 0.720546 0.047773
vt 0.714787 0.044429
vt 0.717262 0.041916
vt 0.705161 0.034763
vt 0.704744 0.032764
vt 0.706705 0.033159
vt 0.720472 0.000631
vt 0.717605 0.006196
vt 0.715111 0.003810
vt 0.705427 0.015939
vt 0.705877 0.013861
vt 0.707499 0.015566
vt 0.674038 0.046678
vt 0.676842 0.041422
vt 0.679343 0.043964
vt 0.689136 0.031928
vt 0.688738 0.033811
vt 0.687238 0.032345
vt 0.673981 0.000631
vt 0.679587 0.003491
vt 0.677137 0.005989
vt 0.688519 0.016279
vt 0.686537 0.015877
vt 0.688111 0.014295
vt 0.513941 0.678330
vt 0.516764 0.672318
vt 0.519637 0.674877
vt 0.527526 0.661601
vt 0.529752 0.661099
vt 0.529313 0.663278
vt 0.564027 0.678533
vt 0.558604 0.675474
vt 0.561315 0.672927
vt 0.548137 0.662120
vt 0.550390 0.662677
vt 0.548504 0.664398
vt 0.515497 0.598595
vt 0.520592 0.601526
vt 0.517798 0.603945
vt 0.529932 0.615759
vt 0.527707 0.615238
vt 0.529504 0.613526
vt 0.564027 0.598074
vt 0.561589 0.603852
vt 0.558792 0.601475
vt 0.548867 0.615030
vt 0.549288 0.612723
vt 0.551137 0.614528
vt 0.672396 0.871272
vt 0.666647 0.867934
vt 0.669123 0.865420
vt 0.657013 0.858268
vt 0.656593 0.856268
vt 0.658558 0.856661
vt 0.672369 0.824216
vt 0.669507 0.829776
vt 0.667011 0.827407
vt 0.657225 0.839416
vt 0.657629 0.837355
vt 0.659309 0.838999
vt 0.625886 0.870215
vt 0.628678 0.864956
vt 0.631185 0.867496
vt 0.640977 0.855445
vt 0.640579 0.857329
vt 0.639074 0.855862
vt 0.625745 0.824216
vt 0.631375 0.827088
vt 0.628907 0.829593
vt 0.640390 0.839773
vt 0.638395 0.839324
vt 0.640027 0.837804
vt 0.563378 0.758799
vt 0.557893 0.755841
vt 0.560661 0.753235
vt 0.548405 0.744105
vt 0.547944 0.741922
vt 0.550123 0.742389
vt 0.562939 0.680962
vt 0.560576 0.686301
vt 0.557794 0.683859
vt 0.548189 0.697882
vt 0.548594 0.695663
vt 0.550441 0.697333
vt 0.513941 0.759466
vt 0.516418 0.753568
vt 0.519256 0.756016
vt 0.529573 0.742677
vt 0.529136 0.744957
vt 0.527331 0.743161
vt 0.513941 0.679794
vt 0.519463 0.683327
vt 0.516684 0.685761
vt 0.529342 0.696986
vt 0.527086 0.696469
vt 0.528942 0.694682
vt 0.563359 0.839711
vt 0.557877 0.836751
vt 0.560650 0.834157
vt 0.548280 0.825115
vt 0.547875 0.822944
vt 0.550066 0.823469
vt 0.562969 0.761905
vt 0.560604 0.767247
vt 0.557821 0.764803
vt 0.548202 0.778830
vt 0.548609 0.776610
vt 0.550459 0.778283
vt 0.513941 0.840412
vt 0.516418 0.834514
vt 0.519254 0.836959
vt 0.529563 0.823640
vt 0.529122 0.825914
vt 0.527322 0.824121
vt 0.513941 0.760727
vt 0.519465 0.764264
vt 0.516685 0.766699
vt 0.529345 0.777930
vt 0.527089 0.777412
vt 0.528946 0.775625
vt 0.671929 0.241663
vt 0.666707 0.238833
vt 0.669226 0.236428
vt 0.658224 0.228020
vt 0.657816 0.226035
vt 0.659800 0.226438
vt 0.672601 0.195576
vt 0.669339 0.200937
vt 0.666924 0.198307
vt 0.657189 0.210377
vt 0.657632 0.208493
vt 0.659055 0.210013
vt 0.625862 0.241663
vt 0.628724 0.236108
vt 0.631214 0.238491
vt 0.640886 0.226366
vt 0.640435 0.228448
vt 0.638806 0.226745
vt 0.625745 0.194493
vt 0.631514 0.197837
vt 0.629039 0.200356
vt 0.641574 0.209500
vt 0.639628 0.209111
vt 0.641162 0.207506
vt 0.673981 0.868958
vt 0.676832 0.863309
vt 0.679437 0.865797
vt 0.687263 0.854125
vt 0.689159 0.853690
vt 0.688781 0.855602
vt 0.720600 0.869300
vt 0.715031 0.866417
vt 0.717410 0.863935
vt 0.705372 0.854301
vt 0.707442 0.854731
vt 0.705754 0.856331
vt 0.673981 0.822302
vt 0.679609 0.825227
vt 0.677150 0.827715
vt 0.688524 0.837969
vt 0.686544 0.837589
vt 0.688100 0.836025
vt 0.720470 0.822876
vt 0.717621 0.828430
vt 0.715131 0.825970
vt 0.704779 0.837382
vt 0.705175 0.835364
vt 0.706764 0.836958
vt 0.720445 0.917206
vt 0.714792 0.914419
vt 0.717251 0.911797
vt 0.705537 0.904082
vt 0.705093 0.902196
vt 0.706992 0.902556
vt 0.720504 0.870561
vt 0.717654 0.876167
vt 0.715149 0.873803
vt 0.705594 0.885939
vt 0.706009 0.883861
vt 0.707628 0.885540
vt 0.673981 0.917651
vt 0.676845 0.911997
vt 0.679356 0.914444
vt 0.689381 0.902915
vt 0.688972 0.904900
vt 0.687469 0.903304
vt 0.673981 0.871097
vt 0.679584 0.873902
vt 0.677145 0.876421
vt 0.688668 0.886677
vt 0.686645 0.886296
vt 0.688226 0.884693
vt 0.769865 0.866770
vt 0.775569 0.869654
vt 0.773086 0.872261
vt 0.784699 0.880082
vt 0.785102 0.881973
vt 0.783243 0.881580
vt 0.770017 0.913466
vt 0.772824 0.907889
vt 0.775400 0.910261
vt 0.784408 0.897648
vt 0.783968 0.899606
vt 0.782421 0.898017
vt 0.816509 0.867096
vt 0.813649 0.872681
vt 0.811153 0.870223
vt 0.800815 0.881621
vt 0.801228 0.879636
vt 0.802804 0.881214
vt 0.816494 0.913466
vt 0.810955 0.910628
vt 0.813327 0.908142
vt 0.801243 0.898496
vt 0.803319 0.898946
vt 0.801616 0.900573
vt 0.622902 0.928510
vt 0.617132 0.925138
vt 0.619579 0.922706
vt 0.608037 0.915032
vt 0.607605 0.913000
vt 0.609654 0.913364
vt 0.622296 0.881406
vt 0.619460 0.887012
vt 0.616944 0.884544
vt 0.606762 0.896190
vt 0.607199 0.894145
vt 0.608749 0.895787
vt 0.576112 0.927328
vt 0.579294 0.921985
vt 0.581732 0.924603
vt 0.591403 0.912356
vt 0.590984 0.914289
vt 0.589521 0.912761
vt 0.576112 0.881210
vt 0.581402 0.884067
vt 0.578883 0.886484
vt 0.590439 0.896651
vt 0.588447 0.896237
vt 0.590056 0.894717
vt 0.721928 0.049276
vt 0.727593 0.052077
vt 0.725129 0.054701
vt 0.736857 0.062415
vt 0.737305 0.064312
vt 0.735402 0.063949
vt 0.721928 0.095910
vt 0.724770 0.090317
vt 0.727271 0.092678
vt 0.736810 0.080555
vt 0.736401 0.082626
vt 0.734780 0.080954
vt 0.768505 0.048901
vt 0.765632 0.054545
vt 0.763127 0.052109
vt 0.752974 0.063554
vt 0.753339 0.061579
vt 0.754913 0.063117
vt 0.768379 0.095426
vt 0.762788 0.092619
vt 0.765231 0.090103
vt 0.753698 0.079830
vt 0.755730 0.080211
vt 0.754147 0.081827
vt 0.769865 0.191705
vt 0.772686 0.186388
vt 0.775208 0.188932
vt 0.783086 0.177279
vt 0.784964 0.176876
vt 0.784580 0.178731
vt 0.816496 0.192289
vt 0.810781 0.189005
vt 0.813241 0.186502
vt 0.800621 0.177471
vt 0.802583 0.177906
vt 0.800996 0.179454
vt 0.769958 0.145597
vt 0.775559 0.148442
vt 0.773096 0.150947
vt 0.784610 0.161118
vt 0.782608 0.160664
vt 0.784239 0.159145
vt 0.816496 0.145381
vt 0.813642 0.150953
vt 0.811143 0.148592
vt 0.801401 0.160608
vt 0.801799 0.158547
vt 0.803487 0.160187
vt 0.673981 0.965504
vt 0.676828 0.959873
vt 0.679426 0.962356
vt 0.687241 0.950718
vt 0.689127 0.950289
vt 0.688753 0.952182
vt 0.720565 0.965938
vt 0.715003 0.963046
vt 0.717386 0.960568
vt 0.705356 0.950923
vt 0.707423 0.951350
vt 0.705737 0.952955
vt 0.673981 0.918912
vt 0.679607 0.921841
vt 0.677147 0.924327
vt 0.688513 0.934593
vt 0.686534 0.934210
vt 0.688091 0.932647
vt 0.720538 0.919484
vt 0.717676 0.925050
vt 0.715182 0.922583
vt 0.704796 0.934021
vt 0.705197 0.931993
vt 0.706797 0.933591
vt 0.721928 0.143471
vt 0.724766 0.138147
vt 0.727287 0.140697
vt 0.735173 0.129036
vt 0.737061 0.128629
vt 0.736673 0.130489
vt 0.768604 0.144064
vt 0.762888 0.140776
vt 0.765349 0.138274
vt 0.752728 0.129236
vt 0.754691 0.129671
vt 0.753103 0.131219
vt 0.722148 0.097311
vt 0.727722 0.100155
vt 0.725276 0.102648
vt 0.736670 0.112920
vt 0.734686 0.112516
vt 0.736255 0.110938
vt 0.768604 0.097171
vt 0.765751 0.102732
vt 0.763255 0.100369
vt 0.753505 0.112380
vt 0.753902 0.110315
vt 0.755591 0.111957
vt 0.576112 0.686568
vt 0.581744 0.689262
vt 0.579306 0.691904
vt 0.591091 0.699578
vt 0.591535 0.701504
vt 0.589624 0.701126
vt 0.576112 0.733146
vt 0.578945 0.727496
vt 0.581460 0.729833
vt 0.590866 0.717712
vt 0.590460 0.719739
vt 0.588853 0.718097
vt 0.622586 0.685263
vt 0.619746 0.690931
vt 0.617225 0.688592
vt 0.607804 0.700731
vt 0.608214 0.698699
vt 0.609822 0.700346
vt 0.622566 0.731944
vt 0.616923 0.729240
vt 0.619368 0.726594
vt 0.607115 0.716963
vt 0.609035 0.717346
vt 0.607561 0.718905
vt 0.625745 0.678914
vt 0.631582 0.682294
vt 0.629008 0.684818
vt 0.640583 0.692679
vt 0.640980 0.694557
vt 0.639128 0.694165
vt 0.625823 0.726061
vt 0.628663 0.720471
vt 0.631239 0.722855
vt 0.640278 0.710212
vt 0.639840 0.712175
vt 0.638291 0.710583
vt 0.672333 0.680028
vt 0.669486 0.685249
vt 0.667088 0.682708
vt 0.656738 0.694213
vt 0.657201 0.692209
vt 0.658714 0.693853
vt 0.672242 0.726061
vt 0.666730 0.723234
vt 0.669082 0.720753
vt 0.657153 0.711016
vt 0.659211 0.711423
vt 0.657568 0.713103
vt 0.672280 0.193232
vt 0.666659 0.190297
vt 0.669055 0.187741
vt 0.657067 0.180520
vt 0.656707 0.178519
vt 0.658612 0.178946
vt 0.672252 0.146514
vt 0.669423 0.152030
vt 0.666867 0.149628
vt 0.657650 0.162207
vt 0.658139 0.160229
vt 0.659694 0.161864
vt 0.625745 0.192147
vt 0.628593 0.186580
vt 0.631160 0.189088
vt 0.641001 0.177128
vt 0.640500 0.179011
vt 0.639073 0.177452
vt 0.625745 0.145720
vt 0.631298 0.148642
vt 0.628921 0.151109
vt 0.640736 0.160939
vt 0.638724 0.160505
vt 0.640369 0.158856
vt 0.721928 0.001006
vt 0.727593 0.003806
vt 0.725129 0.006430
vt 0.736857 0.014145
vt 0.737305 0.016041
vt 0.735402 0.015679
vt 0.721928 0.047640
vt 0.724770 0.042047
vt 0.727271 0.044408
vt 0.736810 0.032284
vt 0.736401 0.034355
vt 0.734780 0.032684
vt 0.768505 0.000631
vt 0.765632 0.006274
vt 0.763127 0.003839
vt 0.752974 0.015284
vt 0.753339 0.013308
vt 0.754913 0.014846
vt 0.768379 0.047156
vt 0.762788 0.044349
vt 0.765231 0.041833
vt 0.753698 0.031560
vt 0.755730 0.031941
vt 0.754147 0.033556
vt 0.769865 0.239890
vt 0.772704 0.234556
vt 0.775231 0.237109
vt 0.783123 0.225424
vt 0.785019 0.225010
vt 0.784630 0.226888
vt 0.816526 0.240406
vt 0.810816 0.237130
vt 0.813273 0.234628
vt 0.800659 0.225608
vt 0.802619 0.226040
vt 0.801035 0.227585
vt 0.770071 0.193675
vt 0.775651 0.196521
vt 0.773204 0.199016
vt 0.784608 0.209289
vt 0.782623 0.208886
vt 0.784192 0.207308
vt 0.816526 0.193550
vt 0.813675 0.199107
vt 0.811180 0.196746
vt 0.801434 0.208753
vt 0.801831 0.206688
vt 0.803520 0.208330
vt 0.673981 0.145839
vt 0.679792 0.149132
vt 0.677235 0.151679
vt 0.688948 0.159421
vt 0.689397 0.161315
vt 0.687494 0.160952
vt 0.673981 0.192963
vt 0.676849 0.187339
vt 0.679356 0.189707
vt 0.688904 0.177547
vt 0.688498 0.179619
vt 0.686875 0.177948
vt 0.720554 0.146292
vt 0.717717 0.151546
vt 0.715306 0.149045
vt 0.705062 0.160505
vt 0.705426 0.158526
vt 0.707001 0.160067
vt 0.720442 0.192320
vt 0.714872 0.189532
vt 0.717304 0.187021
vt 0.705788 0.176786
vt 0.707819 0.177166
vt 0.706239 0.178781
vt 0.625745 0.484323
vt 0.628617 0.478564
vt 0.631249 0.481037
vt 0.638999 0.469327
vt 0.640886 0.468908
vt 0.640510 0.470771
vt 0.672442 0.483670
vt 0.666880 0.480923
vt 0.669226 0.478339
vt 0.656567 0.469451
vt 0.658532 0.469874
vt 0.656955 0.471435
vt 0.625745 0.437153
vt 0.631501 0.440483
vt 0.628968 0.442916
vt 0.640413 0.453211
vt 0.638426 0.452814
vt 0.639990 0.451233
vt 0.672192 0.437796
vt 0.669431 0.442958
vt 0.667020 0.440550
vt 0.657248 0.452574
vt 0.657638 0.450505
vt 0.659331 0.452142
vt 0.720629 0.772690
vt 0.714945 0.769849
vt 0.717413 0.767238
vt 0.705781 0.759481
vt 0.705369 0.757587
vt 0.707235 0.757973
vt 0.720401 0.726506
vt 0.717643 0.731710
vt 0.715140 0.729272
vt 0.705957 0.741859
vt 0.706348 0.739889
vt 0.707964 0.741429
vt 0.674042 0.772690
vt 0.676930 0.767048
vt 0.679442 0.769526
vt 0.689655 0.757975
vt 0.689202 0.759973
vt 0.687683 0.758342
vt 0.673981 0.725692
vt 0.679672 0.729013
vt 0.677226 0.731432
vt 0.689168 0.741202
vt 0.687115 0.740804
vt 0.688752 0.739131
vt 0.816430 0.865509
vt 0.810835 0.862675
vt 0.813206 0.860099
vt 0.801125 0.852956
vt 0.800753 0.850900
vt 0.802693 0.851346
vt 0.816323 0.818938
vt 0.813515 0.824483
vt 0.810958 0.822111
vt 0.801853 0.834610
vt 0.802345 0.832675
vt 0.803878 0.834288
vt 0.769865 0.865326
vt 0.772686 0.859766
vt 0.775247 0.862143
vt 0.784368 0.849620
vt 0.783875 0.851560
vt 0.782336 0.849945
vt 0.769865 0.818732
vt 0.775445 0.821563
vt 0.773077 0.824132
vt 0.785492 0.833313
vt 0.783570 0.832870
vt 0.785126 0.831267
vt 0.622715 0.684002
vt 0.616998 0.680562
vt 0.619470 0.678167
vt 0.608056 0.670360
vt 0.607648 0.668324
vt 0.609695 0.668718
vt 0.622715 0.636903
vt 0.619807 0.642483
vt 0.617318 0.639984
vt 0.607003 0.651502
vt 0.607458 0.649472
vt 0.608975 0.651129
vt 0.576306 0.682247
vt 0.579101 0.677043
vt 0.581594 0.679603
vt 0.591470 0.667512
vt 0.591073 0.669437
vt 0.589550 0.667947
vt 0.576112 0.636167
vt 0.581771 0.639120
vt 0.579288 0.641610
vt 0.590704 0.651798
vt 0.588716 0.651364
vt 0.590340 0.649862
s 1
f 1/1/1 7/2/1 10/3/2 3/4/2
f 3/4/2 10/3/2 9/5/3 4/6/3
f 4/7/3 9/8/3 8/9/4 5/10/4
f 5/10/4 8/9/4 6/11/5 2/12/5
f 16/13/6 12/14/6 15/15/7 18/16/7
f 18/16/7 15/15/7 14/17/8 19/18/8
f 19/18/8 14/17/8 13/19/9 20/20/9
f 20/20/9 13/19/9 11/21/10 17/22/10
f 36/23/11 32/24/11 35/25/12 38/26/12
f 38/26/12 35/25/12 34/27/13 39/28/13
f 39/29/13 34/30/13 33/31/14 40/32/14
f 40/32/14 33/31/14 31/33/15 37/34/15
f 26/35/16 22/36/16 25/37/17 28/38/17
f 28/38/17 25/37/17 24/39/18 29/40/18
f 29/40/18 24/39/18 23/41/19 30/42/19
f 30/42/19 23/41/19 21/43/20 27/44/20
f 11/45/21 13/46/21 14/47/21 15/48/21 12/49/21 1/50/21 3/51/21 4/52/21 5/53/21 2/54/21 21/55/21 23/56/21 24/57/21 25/58/21 22/59/21 31/60/21 33/61/21 34/62/21 35/63/21 32/64/21
f 1/1/1 12/14/6 16/13/6 7/2/1
f 21/43/20 2/12/5 6/11/5 27/44/20
f 36/65/22 38/66/22 39/67/22 40/68/22 37/69/22 26/70/22 28/71/22 29/72/22 30/73/22 27/74/22 6/75/22 8/76/22 9/77/22 10/78/22 7/79/22 16/80/22 18/81/22 19/82/22 20/83/22 17/84/22
f 11/21/10 32/24/11 36/23/11 17/22/10
f 31/33/15 22/36/16 26/35/16 37/34/15
f 41/85/23 42/86/23 43/87/23
f 44/88/24 45/89/25 46/90/26
f 47/91/27 48/92/27 49/93/27
f 50/94/28 51/95/29 52/96/30
f 53/97/31 54/98/31 55/99/31
f 56/100/32 57/101/33 58/102/34
f 59/103/35 60/104/35 61/105/35
f 62/106/36 63/107/37 64/108/38
f 47/91/39 41/85/39 43/87/39 48/92/39
f 42/86/40 44/88/40 46/90/40 43/87/40
f 45/89/25 50/94/28 52/96/30 46/90/26
f 51/95/41 49/93/41 48/92/41 52/96/41
f 59/103/42 47/91/42 49/93/42 60/104/42
f 50/94/28 62/106/36 64/108/38 51/95/29
f 63/107/43 61/105/43 60/104/43 64/108/43
f 53/97/44 59/103/44 61/105/44 54/98/44
f 62/106/36 56/100/32 58/102/34 63/107/37
f 57/101/45 55/99/45 54/98/45 58/102/45
f 41/85/46 53/97/46 55/99/46 42/86/46
f 56/100/32 45/89/25 44/88/24 57/101/33
f 43/87/47 46/90/47 52/96/47 48/92/47
f 55/99/48 57/101/48 44/88/48 42/86/48
f 62/106/21 50/94/21 45/89/21 56/100/21
f 49/93/49 51/95/49 64/108/49 60/104/49
f 61/105/50 63/107/50 58/102/50 54/98/50
f 65/109/23 66/110/23 67/111/23
f 68/112/24 69/113/25 70/114/26
f 71/115/27 72/116/27 73/117/27
f 74/118/28 75/119/29 76/120/30
f 77/121/31 78/122/31 79/123/31
f 80/124/32 81/125/33 82/126/34
f 83/127/35 84/128/35 85/129/35
f 86/130/36 87/131/37 88/132/38
f 71/115/39 65/109/39 67/111/39 72/116/39
f 66/110/40 68/112/40 70/114/40 67/111/40
f 69/113/25 74/118/28 76/120/30 70/114/26
f 75/119/41 73/117/41 72/116/41 76/120/41
f 83/127/42 71/115/42 73/117/42 84/128/42
f 74/118/28 86/130/36 88/132/38 75/119/29
f 87/131/43 85/129/43 84/128/43 88/132/43
f 77/121/44 83/127/44 85/129/44 78/122/44
f 86/130/36 80/124/32 82/126/34 87/131/37
f 81/125/45 79/123/45 78/122/45 82/126/45
f 65/109/46 77/121/46 79/123/46 66/110/46
f 80/124/32 69/113/25 68/112/24 81/125/33
f 67/111/47 70/114/47 76/120/47 72/116/47
f 79/123/48 81/125/48 68/112/48 66/110/48
f 86/130/21 74/118/21 69/113/21 80/124/21
f 73/117/49 75/119/49 88/132/49 84/128/49
f 85/129/50 87/131/50 82/126/50 78/122/50
f 89/133/23 90/134/23 91/135/23
f 92/136/24 93/137/25 94/138/26
f 95/139/27 96/140/27 97/141/27
f 98/142/28 99/143/29 100/144/30
f 101/145/31 102/146/31 103/147/31
f 104/148/32 105/149/33 106/150/34
f 107/151/35 108/152/35 109/153/35
f 110/154/36 111/155/37 112/156/38
f 95/139/39 89/133/39 91/135/39 96/140/39
f 90/134/40 92/136/40 94/138/40 91/135/40
f 93/137/25 98/142/28 100/144/30 94/138/26
f 99/143/41 97/141/41 96/140/41 100/144/41
f 107/151/42 95/139/42 97/141/42 108/152/42
f 98/142/28 110/154/36 112/156/38 99/143/29
f 111/155/43 109/153/43 108/152/43 112/156/43
f 101/145/44 107/151/44 109/153/44 102/146/44
f 110/154/36 104/148/32 106/150/34 111/155/37
f 105/149/45 103/147/45 102/146/45 106/150/45
f 89/133/46 101/145/46 103/147/46 90/134/46
f 104/148/32 93/137/25 92/136/24 105/149/33
f 91/135/47 94/138/47 100/144/47 96/140/47
f 103/147/48 105/149/48 92/136/48 90/134/48
f 110/154/21 98/142/21 93/137/21 104/148/21
f 97/141/49 99/143/49 112/156/49 108/152/49
f 109/153/50 111/155/50 106/150/50 102/146/50
f 113/157/23 114/158/23 115/159/23
f 116/160/24 117/161/25 118/162/26
f 119/163/27 120/164/27 121/165/27
f 122/166/28 123/167/29 124/168/30
f 125/169/31 126/170/31 127/171/31
f 128/172/32 129/173/33 130/174/34
f 131/175/35 132/176/35 133/177/35
f 134/178/36 135/179/37 136/180/38
f 119/163/39 113/157/39 115/159/39 120/164/39
f 114/158/40 116/160/40 118/162/40 115/159/40
f 117/161/25 122/166/28 124/168/30 118/162/26
f 123/167/41 121/165/41 120/164/41 124/168/41
f 131/175/42 119/163/42 121/165/42 132/176/42
f 122/166/28 134/178/36 136/180/38 123/167/29
f 135/179/43 133/177/43 132/176/43 136/180/43
f 125/169/44 131/175/44 133/177/44 126/170/44
f 134/178/36 128/172/32 130/174/34 135/179/37
f 129/173/45 127/171/45 126/170/45 130/174/45
f 113/157/46 125/169/46 127/171/46 114/158/46
f 128/172/32 117/161/25 116/160/24 129/173/33
f 115/159/47 118/162/47 124/168/47 120/164/47
f 127/171/48 129/173/48 116/160/48 114/158/48
f 134/178/21 122/166/21 117/161/21 128/172/21
f 121/165/49 123/167/49 136/180/49 132/176/49
f 133/177/50 135/179/50 130/174/50 126/170/50
f 137/181/23 138/182/23 139/183/23
f 140/184/24 141/185/25 142/186/26
f 143/187/27 144/188/27 145/189/27
f 146/190/28 147/191/29 148/192/30
f 149/193/31 150/194/31 151/195/31
f 152/196/32 153/197/33 154/198/34
f 155/199/35 156/200/35 157/201/35
f 158/202/36 159/203/37 160/204/38
f 143/187/39 137/181/39 139/183/39 144/188/39
f 138/182/40 140/184/40 142/186/40 139/183/40
f 141/185/25 146/190/28 148/192/30 142/186/26
f 147/191/41 145/189/41 144/188/41 148/192/41
f 155/199/42 143/187/42 145/189/42 156/200/42
f 146/190/28 158/202/36 160/204/38 147/191/29
f 159/203/43 157/201/43 156/200/43 160/204/43
f 149/193/44 155/199/44 157/201/44 150/194/44
f 158/202/36 152/196/32 154/198/34 159/203/37
f 153/197/45 151/195/45 150/194/45 154/198/45
f 137/181/46 149/193/46 151/195/46 138/182/46
f 152/196/32 141/185/25 140/184/24 153/197/33
f 139/183/47 142/186/47 148/192/47 144/188/47
f 151/195/48 153/197/48 140/184/48 138/182/48
f 158/202/21 146/190/21 141/185/21 152/196/21
f 145/189/49 147/191/49 160/204/49 156/200/49
f 157/201/50 159/203/50 154/198/50 150/194/50
f 161/205/23 162/206/23 163/207/23
f 164/208/24 165/209/25 166/210/26
f 167/211/27 168/212/27 169/213/27
f 170/214/28 171/215/29 172/216/30
f 173/217/31 174/218/31 175/219/31
f 176/220/32 177/221/33 178/222/34
f 179/223/35 180/224/35 181/225/35
f 182/226/36 183/227/37 184/228/38
f 167/211/39 161/205/39 163/207/39 168/212/39
f 162/206/40 164/208/40 166/210/40 163/207/40
f 165/209/25 170/214/28 172/216/30 166/210/26
f 171/215/41 169/213/41 168/212/41 172/216/41
f 179/223/42 167/211/42 169/213/42 180/224/42
f 170/214/28 182/226/36 184/228/38 171/215/29
f 183/227/43 181/225/43 180/224/43 184/228/43
f 173/217/44 179/223/44 181/225/44 174/218/44
f 182/226/36 176/220/32 178/222/34 183/227/37
f 177/221/45 175/219/45 174/218/45 178/222/45
f 161/205/46 173/217/46 175/219/46 162/206/46
f 176/220/32 165/209/25 164/208/24 177/221/33
f 163/207/47 166/210/47 172/216/47 168/212/47
f 175/219/48 177/221/48 164/208/48 162/206/48
f 182/226/21 170/214/21 165/209/21 176/220/21
f 169/213/49 171/215/49 184/228/49 180/224/49
f 181/225/50 183/227/50 178/222/50 174/218/50
f 185/229/23 186/230/23 187/231/23
f 188/232/24 189/233/25 190/234/26
f 191/235/27 192/236/27 193/237/27
f 194/238/28 195/239/29 196/240/30
f 197/241/31 198/242/31 199/243/31
f 200/244/32 201/245/33 202/246/34
f 203/247/35 204/248/35 205/249/35
f 206/250/36 207/251/37 208/252/38
f 191/235/39 185/229/39 187/231/39 192/236/39
f 186/230/40 188/232/40 190/234/40 187/231/40
f 189/233/25 194/238/28 196/240/30 190/234/26
f 195/239/41 193/237/41 192/236/41 196/240/41
f 203/247/42 191/235/42 193/237/42 204/248/42
f 194/238/28 206/250/36 208/252/38 195/239/29
f 207/251/43 205/249/43 204/248/43 208/252/43
f 197/241/44 203/247/44 205/249/44 198/242/44
f 206/250/36 200/244/32 202/246/34 207/251/37
f 201/245/45 199/243/45 198/242/45 202/246/45
f 185/229/46 197/241/46 199/243/46 186/230/46
f 200/244/32 189/233/25 188/232/24 201/245/33
f 187/231/47 190/234/47 196/240/47 192/236/47
f 199/243/48 201/245/48 188/232/48 186/230/48
f 206/250/21 194/238/21 189/233/21 200/244/21
f 193/237/49 195/239/49 208/252/49 204/248/49
f 205/249/50 207/251/50 202/246/50 198/242/50
f 209/253/23 210/254/23 211/255/23
f 212/256/24 213/257/25 214/258/26
f 215/259/27 216/260/27 217/261/27
f 218/262/28 219/263/29 220/264/30
f 221/265/31 222/266/31 223/267/31
f 224/268/32 225/269/33 226/270/34
f 227/271/35 228/272/35 229/273/35
f 230/274/36 231/275/37 232/276/38
f 215/259/39 209/253/39 211/255/39 216/260/39
f 210/254/40 212/256/40 214/258/40 211/255/40
f 213/257/25 218/262/28 220/264/30 214/258/26
f 219/263/41 217/261/41 216/260/41 220/264/41
f 227/271/42 215/259/42 217/261/42 228/272/42
f 218/262/28 230/274/36 232/276/38 219/263/29
f 231/275/43 229/273/43 228/272/43 232/276/43
f 221/265/44 227/271/44 229/273/44 222/266/44
f 230/274/36 224/268/32 226/270/34 231/275/37
f 225/269/45 223/267/45 222/266/45 226/270/45
f 209/253/46 221/265/46 223/267/46 210/254/46
f 224/268/32 213/257/25 212/256/24 225/269/33
f 211/255/47 214/258/47 220/264/47 216/260/47
f 223/267/48 225/269/48 212/256/48 210/254/48
f 230/274/21 218/262/21 213/257/21 224/268/21
f 217/261/49 219/263/49 232/276/49 228/272/49
f 229/273/50 231/275/50 226/270/50 222/266/50
f 233/277/23 234/278/23 235/279/23
f 236/280/24 237/281/25 238/282/26
f 239/283/27 240/284/27 241/285/27
f 242/286/28 243/287/29 244/288/30
f 245/289/31 246/290/31 247/291/31
f 248/292/32 249/293/33 250/294/34
f 251/295/35 252/296/35 253/297/35
f 254/298/36 255/299/37 256/300/38
f 239/283/39 233/277/39 235/279/39 240/284/39
f 234/278/40 236/280/40 238/282/40 235/279/40
f 237/281/25 242/286/28 244/288/30 238/282/26
f 243/287/41 241/285/41 240/284/41 244/288/41
f 251/295/42 239/283/42 241/285/42 252/296/42
f 242/286/28 254/298/36 256/300/38 243/287/29
f 255/299/43 253/297/43 252/296/43 256/300/43
f 245/289/44 251/295/44 253/297/44 246/290/44
f 254/298/36 248/292/32 250/294/34 255/299/37
f 249/293/45 247/291/45 246/290/45 250/294/45
f 233/277/46 245/289/46 247/291/46 234/278/46
f 248/292/32 237/281/25 236/280/24 249/293/33
f 235/279/47 238/282/47 244/288/47 240/284/47
f 247/291/48 249/293/48 236/280/48 234/278/48
f 254/298/21 242/286/21 237/281/21 248/292/21
f 241/285/49 243/287/49 256/300/49 252/296/49
f 253/297/50 255/299/50 250/294/50 246/290/50
f 257/301/23 258/302/23 259/303/23
f 260/304/24 261/305/25 262/306/26
f 263/307/27 264/308/27 265/309/27
f 266/310/28 267/311/29 268/312/30
f 269/313/31 270/314/31 271/315/31
f 272/316/32 273/317/33 274/318/34
f 275/319/35 276/320/35 277/321/35
f 278/322/36 279/323/37 280/324/38
f 263/307/39 257/301/39 259/303/39 264/308/39
f 258/302/40 260/304/40 262/306/40 259/303/40
f 261/305/25 266/310/28 268/312/30 262/306/26
f 267/311/41 265/309/41 264/308/41 268/312/41
f 275/319/42 263/307/42 265/309/42 276/320/42
f 266/310/28 278/322/36 280/324/38 267/311/29
f 279/323/43 277/321/43 276/320/43 280/324/43
f 269/313/44 275/319/44 277/321/44 270/314/44
f 278/322/36 272/316/32 274/318/34 279/323/37
f 273/317/45 271/315/45 270/314/45 274/318/45
f 257/301/46 269/313/46 271/315/46 258/302/46
f 272/316/32 261/305/25 260/304/24 273/317/33
f 259/303/47 262/306/47 268/312/47 264/308/47
f 271/315/48 273/317/48 260/304/48 258/302/48
f 278/322/21 266/310/21 261/305/21 272/316/21
f 265/309/49 267/311/49 280/324/49 276/320/49
f 277/321/50 279/323/50 274/318/50 270/314/50
f 281/325/23 282/326/23 283/327/23
f 284/328/24 285/329/25 286/330/26
f 287/331/27 288/332/27 289/333/27
f 290/334/28 291/335/29 292/336/30
f 293/337/31 294/338/31 295/339/31
f 296/340/32 297/341/33 298/342/34
f 299/343/35 300/344/35 301/345/35
f 302/346/36 303/347/37 304/348/38
f 287/331/39 281/325/39 283/327/39 288/332/39
f 282/326/40 284/328/40 286/330/40 283/327/40
f 285/329/25 290/334/28 292/336/30 286/330/26
f 291/335/41 289/333/41 288/332/41 292/336/41
f 299/343/42 287/331/42 289/333/42 300/344/42
f 290/334/28 302/346/36 304/348/38 291/335/29
f 303/347/43 301/345/43 300/344/43 304/348/43
f 293/337/44 299/343/44 301/345/44 294/338/44
f 302/346/36 296/340/32 298/342/34 303/347/37
f 297/341/45 295/339/45 294/338/45 298/342/45
f 281/325/46 293/337/46 295/339/46 282/326/46
f 296/340/32 285/329/25 284/328/24 297/341/33
f 283/327/47 286/330/47 292/336/47 288/332/47
f 295/339/48 297/341/48 284/328/48 282/326/48
f 302/346/21 290/334/21 285/329/21 296/340/21
f 289/333/49 291/335/49 304/348/49 300/344/49
f 301/345/50 303/347/50 298/342/50 294/338/50
f 305/349/51 306/350/51 307/351/51
f 308/352/52 309/353/53 310/354/54
f 311/355/55 312/356/55 313/357/55
f 314/358/56 315/359/57 316/360/58
f 317/361/59 318/362/59 319/363/59
f 320/364/60 321/365/61 322/366/62
f 323/367/63 324/368/63 325/369/63
f 326/370/64 327/371/65 328/372/66
f 311/355/39 305/349/39 307/351/39 312/356/39
f 306/350/67 308/352/67 310/354/67 307/351/67
f 309/353/53 314/358/56 316/360/58 310/354/54
f 315/359/68 313/357/68 312/356/68 316/360/68
f 323/367/69 311/355/69 313/357/69 324/368/69
f 314/358/56 326/370/64 328/372/66 315/359/57
f 327/371/70 325/369/70 324/368/70 328/372/70
f 317/361/44 323/367/44 325/369/44 318/362/44
f 326/370/64 320/364/60 322/366/62 327/371/65
f 321/365/71 319/363/71 318/362/71 322/366/71
f 305/349/72 317/361/72 319/363/72 306/350/72
f 320/364/60 309/353/53 308/352/52 321/365/61
f 307/351/47 310/354/47 316/360/47 312/356/47
f 319/363/73 321/365/73 308/352/73 306/350/73
f 326/370/21 314/358/21 309/353/21 320/364/21
f 313/357/74 315/359/74 328/372/74 324/368/74
f 325/369/50 327/371/50 322/366/50 318/362/50
f 329/373/23 330/374/23 331/375/23
f 332/376/24 333/377/25 334/378/26
f 335/379/27 336/380/27 337/381/27
f 338/382/28 339/383/29 340/384/30
f 341/385/31 342/386/31 343/387/31
f 344/388/32 345/389/33 346/390/34
f 347/391/35 348/392/35 349/393/35
f 350/394/36 351/395/37 352/396/38
f 335/379/39 329/373/39 331/375/39 336/380/39
f 330/374/40 332/376/40 334/378/40 331/375/40
f 333/377/25 338/382/28 340/384/30 334/378/26
f 339/383/41 337/381/41 336/380/41 340/384/41
f 347/391/42 335/379/42 337/381/42 348/392/42
f 338/382/28 350/394/36 352/396/38 339/383/29
f 351/395/43 349/393/43 348/392/43 352/396/43
f 341/385/44 347/391/44 349/393/44 342/386/44
f 350/394/36 344/388/32 346/390/34 351/395/37
f 345/389/45 343/387/45 342/386/45 346/390/45
f 329/373/46 341/385/46 343/387/46 330/374/46
f 344/388/32 333/377/25 332/376/24 345/389/33
f 331/375/47 334/378/47 340/384/47 336/380/47
f 343/387/48 345/389/48 332/376/48 330/374/48
f 350/394/21 338/382/21 333/377/21 344/388/21
f 337/381/49 339/383/49 352/396/49 348/392/49
f 349/393/50 351/395/50 346/390/50 342/386/50
f 353/397/23 354/398/23 355/399/23
f 356/400/24 357/401/25 358/402/26
f 359/403/27 360/404/27 361/405/27
f 362/406/28 363/407/29 364/408/30
f 365/409/31 366/410/31 367/411/31
f 368/412/32 369/413/33 370/414/34
f 371/415/35 372/416/35 373/417/35
f 374/418/36 375/419/37 376/420/38
f 359/403/39 353/397/39 355/399/39 360/404/39
f 354/398/40 356/400/40 358/402/40 355/399/40
f 357/401/25 362/406/28 364/408/30 358/402/26
f 363/407/41 361/405/41 360/404/41 364/408/41
f 371/415/42 359/403/42 361/405/42 372/416/42
f 362/406/28 374/418/36 376/420/38 363/407/29
f 375/419/43 373/417/43 372/416/43 376/420/43
f 365/409/44 371/415/44 373/417/44 366/410/44
f 374/418/36 368/412/32 370/414/34 375/419/37
f 369/413/45 367/411/45 366/410/45 370/414/45
f 353/397/46 365/409/46 367/411/46 354/398/46
f 368/412/32 357/401/25 356/400/24 369/413/33
f 355/399/47 358/402/47 364/408/47 360/404/47
f 367/411/48 369/413/48 356/400/48 354/398/48
f 374/418/21 362/406/21 357/401/21 368/412/21
f 361/405/49 363/407/49 376/420/49 372/416/49
f 373/417/50 375/419/50 370/414/50 366/410/50
f 377/421/23 378/422/23 379/423/23
f 380/424/24 381/425/25 382/426/26
f 383/427/27 384/428/27 385/429/27
f 386/430/28 387/431/29 388/432/30
f 389/433/31 390/434/31 391/435/31
f 392/436/32 393/437/33 394/438/34
f 395/439/35 396/440/35 397/441/35
f 398/442/36 399/443/37 400/444/38
f 383/427/39 377/421/39 379/423/39 384/428/39
f 378/422/40 380/424/40 382/426/40 379/423/40
f 381/425/25 386/430/28 388/432/30 382/426/26
f 387/431/41 385/429/41 384/428/41 388/432/41
f 395/439/42 383/427/42 385/429/42 396/440/42
f 386/430/28 398/442/36 400/444/38 387/431/29
f 399/443/43 397/441/43 396/440/43 400/444/43
f 389/433/44 395/439/44 397/441/44 390/434/44
f 398/442/36 392/436/32 394/438/34 399/443/37
f 393/437/45 391/435/45 390/434/45 394/438/45
f 377/421/46 389/433/46 391/435/46 378/422/46
f 392/436/32 381/425/25 380/424/24 393/437/33
f 379/423/47 382/426/47 388/432/47 384/428/47
f 391/435/48 393/437/48 380/424/48 378/422/48
f 398/442/21 386/430/21 381/425/21 392/436/21
f 385/429/49 387/431/49 400/444/49 396/440/49
f 397/441/50 399/443/50 394/438/50 390/434/50
f 401/445/23 402/446/23 403/447/23
f 404/448/24 405/449/25 406/450/26
f 407/451/27 408/452/27 409/453/27
f 410/454/28 411/455/29 412/456/30
f 413/457/31 414/458/31 415/459/31
f 416/460/32 417/461/33 418/462/34
f 419/463/35 420/464/35 421/465/35
f 422/466/36 423/467/37 424/468/38
f 407/451/39 401/445/39 403/447/39 408/452/39
f 402/446/40 404/448/40 406/450/40 403/447/40
f 405/449/25 410/454/28 412/456/30 406/450/26
f 411/455/41 409/453/41 408/452/41 412/456/41
f 419/463/42 407/451/42 409/453/42 420/464/42
f 410/454/28 422/466/36 424/468/38 411/455/29
f 423/467/43 421/465/43 420/464/43 424/468/43
f 413/457/44 419/463/44 421/465/44 414/458/44
f 422/466/36 416/460/32 418/462/34 423/467/37
f 417/461/45 415/459/45 414/458/45 418/462/45
f 401/445/46 413/457/46 415/459/46 402/446/46
f 416/460/32 405/449/25 404/448/24 417/461/33
f 403/447/47 406/450/47 412/456/47 408/452/47
f 415/459/48 417/461/48 404/448/48 402/446/48
f 422/466/21 410/454/21 405/449/21 416/460/21
f 409/453/49 411/455/49 424/468/49 420/464/49
f 421/465/50 423/467/50 418/462/50 414/458/50
f 425/469/23 426/470/23 427/471/23
f 428/472/24 429/473/25 430/474/26
f 431/475/27 432/476/27 433/477/27
f 434/478/28 435/479/29 436/480/30
f 437/481/31 438/482/31 439/483/31
f 440/484/32 441/485/33 442/486/34
f 443/487/35 444/488/35 445/489/35
f 446/490/36 447/491/37 448/492/38
f 431/475/39 425/469/39 427/471/39 432/476/39
f 426/470/40 428/472/40 430/474/40 427/471/40
f 429/473/25 434/478/28 436/480/30 430/474/26
f 435/479/41 433/477/41 432/476/41 436/480/41
f 443/487/42 431/475/42 433/477/42 444/488/42
f 434/478/28 446/490/36 448/492/38 435/479/29
f 447/491/43 445/489/43 444/488/43 448/492/43
f 437/481/44 443/487/44 445/489/44 438/482/44
f 446/490/36 440/484/32 442/486/34 447/491/37
f 441/485/45 439/483/45 438/482/45 442/486/45
f 425/469/46 437/481/46 439/483/46 426/470/46
f 440/484/32 429/473/25 428/472/24 441/485/33
f 427/471/47 430/474/47 436/480/47 432/476/47
f 439/483/48 441/485/48 428/472/48 426/470/48
f 446/490/21 434/478/21 429/473/21 440/484/21
f 433/477/49 435/479/49 448/492/49 444/488/49
f 445/489/50 447/491/50 442/486/50 438/482/50
f 449/493/23 450/494/23 451/495/23
f 452/496/24 453/497/25 454/498/26
f 455/499/27 456/500/27 457/501/27
f 458/502/28 459/503/29 460/504/30
f 461/505/31 462/506/31 463/507/31
f 464/508/32 465/509/33 466/510/34
f 467/511/35 468/512/35 469/513/35
f 470/514/36 471/515/37 472/516/38
f 455/499/39 449/493/39 451/495/39 456/500/39
f 450/494/40 452/496/40 454/498/40 451/495/40
f 453/497/25 458/502/28 460/504/30 454/498/26
f 459/503/41 457/501/41 456/500/41 460/504/41
f 467/511/42 455/499/42 457/501/42 468/512/42
f 458/502/28 470/514/36 472/516/38 459/503/29
f 471/515/43 469/513/43 468/512/43 472/516/43
f 461/505/44 467/511/44 469/513/44 462/506/44
f 470/514/36 464/508/32 466/510/34 471/515/37
f 465/509/45 463/507/45 462/506/45 466/510/45
f 449/493/46 461/505/46 463/507/46 450/494/46
f 464/508/32 453/497/25 452/496/24 465/509/33
f 451/495/47 454/498/47 460/504/47 456/500/47
f 463/507/48 465/509/48 452/496/48 450/494/48
f 470/514/21 458/502/21 453/497/21 464/508/21
f 457/501/49 459/503/49 472/516/49 468/512/49
f 469/513/50 471/515/50 466/510/50 462/506/50
f 473/517/23 474/518/23 475/519/23
f 476/520/24 477/521/25 478/522/26
f 479/523/27 480/524/27 481/525/27
f 482/526/28 483/527/29 484/528/30
f 485/529/31 486/530/31 487/531/31
f 488/532/32 489/533/33 490/534/34
f 491/535/35 492/536/35 493/537/35
f 494/538/36 495/539/37 496/540/38
f 479/523/39 473/517/39 475/519/39 480/524/39
f 474/518/40 476/520/40 478/522/40 475/519/40
f 477/521/25 482/526/28 484/528/30 478/522/26
f 483/527/41 481/525/41 480/524/41 484/528/41
f 491/535/42 479/523/42 481/525/42 492/536/42
f 482/526/28 494/538/36 496/540/38 483/527/29
f 495/539/43 493/537/43 492/536/43 496/540/43
f 485/529/44 491/535/44 493/537/44 486/530/44
f 494/538/36 488/532/32 490/534/34 495/539/37
f 489/533/45 487/531/45 486/530/45 490/534/45
f 473/517/46 485/529/46 487/531/46 474/518/46
f 488/532/32 477/521/25 476/520/24 489/533/33
f 475/519/47 478/522/47 484/528/47 480/524/47
f 487/531/48 489/533/48 476/520/48 474/518/48
f 494/538/21 482/526/21 477/521/21 488/532/21
f 481/525/49 483/527/49 496/540/49 492/536/49
f 493/537/50 495/539/50 490/534/50 486/530/50
f 497/541/23 498/542/23 499/543/23
f 500/544/24 501/545/25 502/546/26
f 503/547/27 504/548/27 505/549/27
f 506/550/28 507/551/29 508/552/30
f 509/553/31 510/554/31 511/555/31
f 512/556/32 513/557/33 514/558/34
f 515/559/35 516/560/35 517/561/35
f 518/562/36 519/563/37 520/564/38
f 503/547/39 497/541/39 499/543/39 504/548/39
f 498/542/40 500/544/40 502/546/40 499/543/40
f 501/545/25 506/550/28 508/552/30 502/546/26
f 507/551/41 505/549/41 504/548/41 508/552/41
f 515/559/42 503/547/42 505/549/42 516/560/42
f 506/550/28 518/562/36 520/564/38 507/551/29
f 519/563/43 517/561/43 516/560/43 520/564/43
f 509/553/44 515/559/44 517/561/44 510/554/44
f 518/562/36 512/556/32 514/558/34 519/563/37
f 513/557/45 511/555/45 510/554/45 514/558/45
f 497/541/46 509/553/46 511/555/46 498/542/46
f 512/556/32 501/545/25 500/544/24 513/557/33
f 499/543/47 502/546/47 508/552/47 504/548/47
f 511/555/48 513/557/48 500/544/48 498/542/48
f 518/562/21 506/550/21 501/545/21 512/556/21
f 505/549/49 507/551/49 520/564/49 516/560/49
f 517/561/50 519/563/50 514/558/50 510/554/50
f 521/565/23 522/566/23 523/567/23
f 524/568/24 525/569/25 526/570/26
f 527/571/27 528/572/27 529/573/27
f 530/574/28 531/575/29 532/576/30
f 533/577/31 534/578/31 535/579/31
f 536/580/32 537/581/33 538/582/34
f 539/583/35 540/584/35 541/585/35
f 542/586/36 543/587/37 544/588/38
f 527/571/39 521/565/39 523/567/39 528/572/39
f 522/566/40 524/568/40 526/570/40 523/567/40
f 525/569/25 530/574/28 532/576/30 526/570/26
f 531/575/41 529/573/41 528/572/41 532/576/41
f 539/583/42 527/571/42 529/573/42 540/584/42
f 530/574/28 542/586/36 544/588/38 531/575/29
f 543/587/43 541/585/43 540/584/43 544/588/43
f 533/577/44 539/583/44 541/585/44 534/578/44
f 542/586/36 536/580/32 538/582/34 543/587/37
f 537/581/45 535/579/45 534/578/45 538/582/45
f 521/565/46 533/577/46 535/579/46 522/566/46
f 536/580/32 525/569/25 524/568/24 537/581/33
f 523/567/47 526/570/47 532/576/47 528/572/47
f 535/579/48 537/581/48 524/568/48 522/566/48
f 542/586/21 530/574/21 525/569/21 536/580/21
f 529/573/49 531/575/49 544/588/49 540/584/49
f 541/585/50 543/587/50 538/582/50 534/578/50
f 545/589/23 546/590/23 547/591/23
f 548/592/24 549/593/25 550/594/26
f 551/595/27 552/596/27 553/597/27
f 554/598/28 555/599/29 556/600/30
f 557/601/31 558/602/31 559/603/31
f 560/604/32 561/605/33 562/606/34
f 563/607/35 564/608/35 565/609/35
f 566/610/36 567/611/37 568/612/38
f 551/595/39 545/589/39 547/591/39 552/596/39
f 546/590/40 548/592/40 550/594/40 547/591/40
f 549/593/25 554/598/28 556/600/30 550/594/26
f 555/599/41 553/597/41 552/596/41 556/600/41
f 563/607/42 551/595/42 553/597/42 564/608/42
f 554/598/28 566/610/36 568/612/38 555/599/29
f 567/611/43 565/609/43 564/608/43 568/612/43
f 557/601/44 563/607/44 565/609/44 558/602/44
f 566/610/36 560/604/32 562/606/34 567/611/37
f 561/605/45 559/603/45 558/602/45 562/606/45
f 545/589/46 557/601/46 559/603/46 546/590/46
f 560/604/32 549/593/25 548/592/24 561/605/33
f 547/591/47 550/594/47 556/600/47 552/596/47
f 559/603/48 561/605/48 548/592/48 546/590/48
f 566/610/21 554/598/21 549/593/21 560/604/21
f 553/597/49 555/599/49 568/612/49 564/608/49
f 565/609/50 567/611/50 562/606/50 558/602/50
f 569/613/23 570/614/23 571/615/23
f 572/616/24 573/617/25 574/618/26
f 575/619/27 576/620/27 577/621/27
f 578/622/28 579/623/29 580/624/30
f 581/625/31 582/626/31 583/627/31
f 584/628/32 585/629/33 586/630/34
f 587/631/35 588/632/35 589/633/35
f 590/634/36 591/635/37 592/636/38
f 575/619/39 569/613/39 571/615/39 576/620/39
f 570/614/40 572/616/40 574/618/40 571/615/40
f 573/617/25 578/622/28 580/624/30 574/618/26
f 579/623/41 577/621/41 576/620/41 580/624/41
f 587/631/42 575/619/42 577/621/42 588/632/42
f 578/622/28 590/634/36 592/636/38 579/623/29
f 591/635/43 589/633/43 588/632/43 592/636/43
f 581/625/44 587/631/44 589/633/44 582/626/44
f 590/634/36 584/628/32 586/630/34 591/635/37
f 585/629/45 583/627/45 582/626/45 586/630/45
f 569/613/46 581/625/46 583/627/46 570/614/46
f 584/628/32 573/617/25 572/616/24 585/629/33
f 571/615/47 574/618/47 580/624/47 576/620/47
f 583/627/48 585/629/48 572/616/48 570/614/48
f 590/634/21 578/622/21 573/617/21 584/628/21
f 577/621/49 579/623/49 592/636/49 588/632/49
f 589/633/50 591/635/50 586/630/50 582/626/50
f 593/637/23 594/638/23 595/639/23
f 596/640/24 597/641/25 598/642/26
f 599/643/27 600/644/27 601/645/27
f 602/646/28 603/647/29 604/648/30
f 605/649/31 606/650/31 607/651/31
f 608/652/32 609/653/33 610/654/34
f 611/655/35 612/656/35 613/657/35
f 614/658/36 615/659/37 616/660/38
f 599/643/39 593/637/39 595/639/39 600/644/39
f 594/638/40 596/640/40 598/642/40 595/639/40
f 597/641/25 602/646/28 604/648/30 598/642/26
f 603/647/41 601/645/41 600/644/41 604/648/41
f 611/655/42 599/643/42 601/645/42 612/656/42
f 602/646/28 614/658/36 616/660/38 603/647/29
f 615/659/43 613/657/43 612/656/43 616/660/43
f 605/649/44 611/655/44 613/657/44 606/650/44
f 614/658/36 608/652/32 610/654/34 615/659/37
f 609/653/45 607/651/45 606/650/45 610/654/45
f 593/637/46 605/649/46 607/651/46 594/638/46
f 608/652/32 597/641/25 596/640/24 609/653/33
f 595/639/47 598/642/47 604/648/47 600/644/47
f 607/651/48 609/653/48 596/640/48 594/638/48
f 614/658/21 602/646/21 597/641/21 608/652/21
f 601/645/49 603/647/49 616/660/49 612/656/49
f 613/657/50 615/659/50 610/654/50 606/650/50
f 617/661/23 618/662/23 619/663/23
f 620/664/24 621/665/25 622/666/26
f 623/667/27 624/668/27 625/669/27
f 626/670/28 627/671/29 628/672/30
f 629/673/31 630/674/31 631/675/31
f 632/676/32 633/677/33 634/678/34
f 635/679/35 636/680/35 637/681/35
f 638/682/36 639/683/37 640/684/38
f 623/667/39 617/661/39 619/663/39 624/668/39
f 618/662/40 620/664/40 622/666/40 619/663/40
f 621/665/25 626/670/28 628/672/30 622/666/26
f 627/671/41 625/669/41 624/668/41 628/672/41
f 635/679/42 623/667/42 625/669/42 636/680/42
f 626/670/28 638/682/36 640/684/38 627/671/29
f 639/683/43 637/681/43 636/680/43 640/684/43
f 629/673/44 635/679/44 637/681/44 630/674/44
f 638/682/36 632/676/32 634/678/34 639/683/37
f 633/677/45 631/675/45 630/674/45 634/678/45
f 617/661/46 629/673/46 631/675/46 618/662/46
f 632/676/32 621/665/25 620/664/24 633/677/33
f 619/663/47 622/666/47 628/672/47 624/668/47
f 631/675/48 633/677/48 620/664/48 618/662/48
f 638/682/21 626/670/21 621/665/21 632/676/21
f 625/669/49 627/671/49 640/684/49 636/680/49
f 637/681/50 639/683/50 634/678/50 630/674/50
f 641/685/23 642/686/23 643/687/23
f 644/688/24 645/689/25 646/690/26
f 647/691/27 648/692/27 649/693/27
f 650/694/28 651/695/29 652/696/30
f 653/697/31 654/698/31 655/699/31
f 656/700/32 657/701/33 658/702/34
f 659/703/35 660/704/35 661/705/35
f 662/706/36 663/707/37 664/708/38
f 647/691/39 641/685/39 643/687/39 648/692/39
f 642/686/40 644/688/40 646/690/40 643/687/40
f 645/689/25 650/694/28 652/696/30 646/690/26
f 651/695/41 649/693/41 648/692/41 652/696/41
f 659/703/42 647/691/42 649/693/42 660/704/42
f 650/694/28 662/706/36 664/708/38 651/695/29
f 663/707/43 661/705/43 660/704/43 664/708/43
f 653/697/44 659/703/44 661/705/44 654/698/44
f 662/706/36 656/700/32 658/702/34 663/707/37
f 657/701/45 655/699/45 654/698/45 658/702/45
f 641/685/46 653/697/46 655/699/46 642/686/46
f 656/700/32 645/689/25 644/688/24 657/701/33
f 643/687/47 646/690/47 652/696/47 648/692/47
f 655/699/48 657/701/48 644/688/48 642/686/48
f 662/706/21 650/694/21 645/689/21 656/700/21
f 649/693/49 651/695/49 664/708/49 660/704/49
f 661/705/50 663/707/50 658/702/50 654/698/50
f 665/709/23 666/710/23 667/711/23
f 668/712/24 669/713/25 670/714/26
f 671/715/27 672/716/27 673/717/27
f 674/718/28 675/719/29 676/720/30
f 677/721/31 678/722/31 679/723/31
f 680/724/32 681/725/33 682/726/34
f 683/727/35 684/728/35 685/729/35
f 686/730/36 687/731/37 688/732/38
f 671/715/39 665/709/39 667/711/39 672/716/39
f 666/710/40 668/712/40 670/714/40 667/711/40
f 669/713/25 674/718/28 676/720/30 670/714/26
f 675/719/41 673/717/41 672/716/41 676/720/41
f 683/727/42 671/715/42 673/717/42 684/728/42
f 674/718/28 686/730/36 688/732/38 675/719/29
f 687/731/43 685/729/43 684/728/43 688/732/43
f 677/721/44 683/727/44 685/729/44 678/722/44
f 686/730/36 680/724/32 682/726/34 687/731/37
f 681/725/45 679/723/45 678/722/45 682/726/45
f 665/709/46 677/721/46 679/723/46 666/710/46
f 680/724/32 669/713/25 668/712/24 681/725/33
f 667/711/47 670/714/47 676/720/47 672/716/47
f 679/723/48 681/725/48 668/712/48 666/710/48
f 686/730/21 674/718/21 669/713/21 680/724/21
f 673/717/49 675/719/49 688/732/49 684/728/49
f 685/729/50 687/731/50 682/726/50 678/722/50
f 689/733/23 690/734/23 691/735/23
f 692/736/24 693/737/25 694/738/26
f 695/739/27 696/740/27 697/741/27
f 698/742/28 699/743/29 700/744/30
f 701/745/31 702/746/31 703/747/31
f 704/748/32 705/749/33 706/750/34
f 707/751/35 708/752/35 709/753/35
f 710/754/36 711/755/37 712/756/38
f 695/739/39 689/733/39 691/735/39 696/740/39
f 690/734/40 692/736/40 694/738/40 691/735/40
f 693/737/25 698/742/28 700/744/30 694/738/26
f 699/743/41 697/741/41 696/740/41 700/744/41
f 707/751/42 695/739/42 697/741/42 708/752/42
f 698/742/28 710/754/36 712/756/38 699/743/29
f 711/755/43 709/753/43 708/752/43 712/756/43
f 701/745/44 707/751/44 709/753/44 702/746/44
f 710/754/36 704/748/32 706/750/34 711/755/37
f 705/749/45 703/747/45 702/746/45 706/750/45
f 689/733/46 701/745/46 703/747/46 690/734/46
f 704/748/32 693/737/25 692/736/24 705/749/33
f 691/735/47 694/738/47 700/744/47 696/740/47
f 703/747/48 705/749/48 692/736/48 690/734/48
f 710/754/21 698/742/21 693/737/21 704/748/21
f 697/741/49 699/743/49 712/756/49 708/752/49
f 709/753/50 711/755/50 706/750/50 702/746/50
f 713/757/23 714/758/23 715/759/23
f 716/760/24 717/761/25 718/762/26
f 719/763/27 720/764/27 721/765/27
f 722/766/28 723/767/29 724/768/30
f 725/769/31 726/770/31 727/771/31
f 728/772/32 729/773/33 730/774/34
f 731/775/35 732/776/35 733/777/35
f 734/778/36 735/779/37 736/780/38
f 719/763/39 713/757/39 715/759/39 720/764/39
f 714/758/40 716/760/40 718/762/40 715/759/40
f 717/761/25 722/766/28 724/768/30 718/762/26
f 723/767/41 721/765/41 720/764/41 724/768/41
f 731/775/42 719/763/42 721/765/42 732/776/42
f 722/766/28 734/778/36 736/780/38 723/767/29
f 735/779/43 733/777/43 732/776/43 736/780/43
f 725/769/44 731/775/44 733/777/44 726/770/44
f 734/778/36 728/772/32 730/774/34 735/779/37
f 729/773/45 727/771/45 726/770/45 730/774/45
f 713/757/46 725/769/46 727/771/46 714/758/46
f 728/772/32 717/761/25 716/760/24 729/773/33
f 715/759/47 718/762/47 724/768/47 720/764/47
f 727/771/48 729/773/48 716/760/48 714/758/48
f 734/778/21 722/766/21 717/761/21 728/772/21
f 721/765/49 723/767/49 736/780/49 732/776/49
f 733/777/50 735/779/50 730/774/50 726/770/50
f 737/781/23 738/782/23 739/783/23
f 740/784/24 741/785/25 742/786/26
f 743/787/27 744/788/27 745/789/27
f 746/790/28 747/791/29 748/792/30
f 749/793/31 750/794/31 751/795/31
f 752/796/32 753/797/33 754/798/34
f 755/799/35 756/800/35 757/801/35
f 758/802/36 759/803/37 760/804/38
f 743/787/39 737/781/39 739/783/39 744/788/39
f 738/782/40 740/784/40 742/786/40 739/783/40
f 741/785/25 746/790/28 748/792/30 742/786/26
f 747/791/41 745/789/41 744/788/41 748/792/41
f 755/799/42 743/787/42 745/789/42 756/800/42
f 746/790/28 758/802/36 760/804/38 747/791/29
f 759/803/43 757/801/43 756/800/43 760/804/43
f 749/793/44 755/799/44 757/801/44 750/794/44
f 758/802/36 752/796/32 754/798/34 759/803/37
f 753/797/45 751/795/45 750/794/45 754/798/45
f 737/781/46 749/793/46 751/795/46 738/782/46
f 752/796/32 741/785/25 740/784/24 753/797/33
f 739/783/47 742/786/47 748/792/47 744/788/47
f 751/795/48 753/797/48 740/784/48 738/782/48
f 758/802/21 746/790/21 741/785/21 752/796/21
f 745/789/49 747/791/49 760/804/49 756/800/49
f 757/801/50 759/803/50 754/798/50 750/794/50
f 761/805/23 762/806/23 763/807/23
f 764/808/24 765/809/25 766/810/26
f 767/811/27 768/812/27 769/813/27
f 770/814/28 771/815/29 772/816/30
f 773/817/31 774/818/31 775/819/31
f 776/820/32 777/821/33 778/822/34
f 779/823/35 780/824/35 781/825/35
f 782/826/36 783/827/37 784/828/38
f 767/811/39 761/805/39 763/807/39 768/812/39
f 762/806/40 764/808/40 766/810/40 763/807/40
f 765/809/25 770/814/28 772/816/30 766/810/26
f 771/815/41 769/813/41 768/812/41 772/816/41
f 779/823/42 767/811/42 769/813/42 780/824/42
f 770/814/28 782/826/36 784/828/38 771/815/29
f 783/827/43 781/825/43 780/824/43 784/828/43
f 773/817/44 779/823/44 781/825/44 774/818/44
f 782/826/36 776/820/32 778/822/34 783/827/37
f 777/821/45 775/819/45 774/818/45 778/822/45
f 761/805/46 773/817/46 775/819/46 762/806/46
f 776/820/32 765/809/25 764/808/24 777/821/33
f 763/807/47 766/810/47 772/816/47 768/812/47
f 775/819/48 777/821/48 764/808/48 762/806/48
f 782/826/21 770/814/21 765/809/21 776/820/21
f 769/813/49 771/815/49 784/828/49 780/824/49
f 781/825/50 783/827/50 778/822/50 774/818/50
f 785/829/23 786/830/23 787/831/23
f 788/832/24 789/833/25 790/834/26
f 791/835/27 792/836/27 793/837/27
f 794/838/28 795/839/29 796/840/30
f 797/841/31 798/842/31 799/843/31
f 800/844/32 801/845/33 802/846/34
f 803/847/35 804/848/35 805/849/35
f 806/850/36 807/851/37 808/852/38
f 791/835/39 785/829/39 787/831/39 792/836/39
f 786/830/40 788/832/40 790/834/40 787/831/40
f 789/833/25 794/838/28 796/840/30 790/834/26
f 795/839/41 793/837/41 792/836/41 796/840/41
f 803/847/42 791/835/42 793/837/42 804/848/42
f 794/838/28 806/850/36 808/852/38 795/839/29
f 807/851/43 805/849/43 804/848/43 808/852/43
f 797/841/44 803/847/44 805/849/44 798/842/44
f 806/850/36 800/844/32 802/846/34 807/851/37
f 801/845/45 799/843/45 798/842/45 802/846/45
f 785/829/46 797/841/46 799/843/46 786/830/46
f 800/844/32 789/833/25 788/832/24 801/845/33
f 787/831/47 790/834/47 796/840/47 792/836/47
f 799/843/48 801/845/48 788/832/48 786/830/48
f 806/850/21 794/838/21 789/833/21 800/844/21
f 793/837/49 795/839/49 808/852/49 804/848/49
f 805/849/50 807/851/50 802/846/50 798/842/50
f 809/853/23 810/854/23 811/855/23
f 812/856/24 813/857/25 814/858/26
f 815/859/27 816/860/27 817/861/27
f 818/862/28 819/863/29 820/864/30
f 821/865/31 822/866/31 823/867/31
f 824/868/32 825/869/33 826/870/34
f 827/871/35 828/872/35 829/873/35
f 830/874/36 831/875/37 832/876/38
f 815/859/39 809/853/39 811/855/39 816/860/39
f 810/854/40 812/856/40 814/858/40 811/855/40
f 813/857/25 818/862/28 820/864/30 814/858/26
f 819/863/41 817/861/41 816/860/41 820/864/41
f 827/871/42 815/859/42 817/861/42 828/872/42
f 818/862/28 830/874/36 832/876/38 819/863/29
f 831/875/43 829/873/43 828/872/43 832/876/43
f 821/865/44 827/871/44 829/873/44 822/866/44
f 830/874/36 824/868/32 826/870/34 831/875/37
f 825/869/45 823/867/45 822/866/45 826/870/45
f 809/853/46 821/865/46 823/867/46 810/854/46
f 824/868/32 813/857/25 812/856/24 825/869/33
f 811/855/47 814/858/47 820/864/47 816/860/47
f 823/867/48 825/869/48 812/856/48 810/854/48
f 830/874/21 818/862/21 813/857/21 824/868/21
f 817/861/49 819/863/49 832/876/49 828/872/49
f 829/873/50 831/875/50 826/870/50 822/866/50
f 833/877/23 834/878/23 835/879/23
f 836/880/24 837/881/25 838/882/26
f 839/883/27 840/884/27 841/885/27
f 842/886/28 843/887/29 844/888/30
f 845/889/31 846/890/31 847/891/31
f 848/892/32 849/893/33 850/894/34
f 851/895/35 852/896/35 853/897/35
f 854/898/36 855/899/37 856/900/38
f 839/883/39 833/877/39 835/879/39 840/884/39
f 834/878/40 836/880/40 838/882/40 835/879/40
f 837/881/25 842/886/28 844/888/30 838/882/26
f 843/887/41 841/885/41 840/884/41 844/888/41
f 851/895/42 839/883/42 841/885/42 852/896/42
f 842/886/28 854/898/36 856/900/38 843/887/29
f 855/899/43 853/897/43 852/896/43 856/900/43
f 845/889/44 851/895/44 853/897/44 846/890/44
f 854/898/36 848/892/32 850/894/34 855/899/37
f 849/893/45 847/891/45 846/890/45 850/894/45
f 833/877/46 845/889/46 847/891/46 834/878/46
f 848/892/32 837/881/25 836/880/24 849/893/33
f 835/879/47 838/882/47 844/888/47 840/884/47
f 847/891/48 849/893/48 836/880/48 834/878/48
f 854/898/21 842/886/21 837/881/21 848/892/21
f 841/885/49 843/887/49 856/900/49 852/896/49
f 853/897/50 855/899/50 850/894/50 846/890/50
f 857/901/23 858/902/23 859/903/23
f 860/904/24 861/905/25 862/906/26
f 863/907/27 864/908/27 865/909/27
f 866/910/28 867/911/29 868/912/30
f 869/913/31 870/914/31 871/915/31
f 872/916/32 873/917/33 874/918/34
f 875/919/35 876/920/35 877/921/35
f 878/922/36 879/923/37 880/924/38
f 863/907/39 857/901/39 859/903/39 864/908/39
f 858/902/40 860/904/40 862/906/40 859/903/40
f 861/905/25 866/910/28 868/912/30 862/906/26
f 867/911/41 865/909/41 864/908/41 868/912/41
f 875/919/42 863/907/42 865/909/42 876/920/42
f 866/910/28 878/922/36 880/924/38 867/911/29
f 879/923/43 877/921/43 876/920/43 880/924/43
f 869/913/44 875/919/44 877/921/44 870/914/44
f 878/922/36 872/916/32 874/918/34 879/923/37
f 873/917/45 871/915/45 870/914/45 874/918/45
f 857/901/46 869/913/46 871/915/46 858/902/46
f 872/916/32 861/905/25 860/904/24 873/917/33
f 859/903/47 862/906/47 868/912/47 864/908/47
f 871/915/48 873/917/48 860/904/48 858/902/48
f 878/922/21 866/910/21 861/905/21 872/916/21
f 865/909/49 867/911/49 880/924/49 876/920/49
f 877/921/50 879/923/50 874/918/50 870/914/50
f 881/925/23 882/926/23 883/927/23
f 884/928/24 885/929/25 886/930/26
f 887/931/27 888/932/27 889/933/27
f 890/934/28 891/935/29 892/936/30
f 893/937/31 894/938/31 895/939/31
f 896/940/32 897/941/33 898/942/34
f 899/943/35 900/944/35 901/945/35
f 902/946/36 903/947/37 904/948/38
f 887/931/39 881/925/39 883/927/39 888/932/39
f 882/926/40 884/928/40 886/930/40 883/927/40
f 885/929/25 890/934/28 892/936/30 886/930/26
f 891/935/41 889/933/41 888/932/41 892/936/41
f 899/943/42 887/931/42 889/933/42 900/944/42
f 890/934/28 902/946/36 904/948/38 891/935/29
f 903/947/43 901/945/43 900/944/43 904/948/43
f 893/937/44 899/943/44 901/945/44 894/938/44
f 902/946/36 896/940/32 898/942/34 903/947/37
f 897/941/45 895/939/45 894/938/45 898/942/45
f 881/925/46 893/937/46 895/939/46 882/926/46
f 896/940/32 885/929/25 884/928/24 897/941/33
f 883/927/47 886/930/47 892/936/47 888/932/47
f 895/939/48 897/941/48 884/928/48 882/926/48
f 902/946/21 890/934/21 885/929/21 896/940/21
f 889/933/49 891/935/49 904/948/49 900/944/49
f 901/945/50 903/947/50 898/942/50 894/938/50
f 905/949/23 906/950/23 907/951/23
f 908/952/24 909/953/25 910/954/26
f 911/955/27 912/956/27 913/957/27
f 914/958/28 915/959/29 916/960/30
f 917/961/31 918/962/31 919/963/31
f 920/964/32 921/965/33 922/966/34
f 923/967/35 924/968/35 925/969/35
f 926/970/36 927/971/37 928/972/38
f 911/955/39 905/949/39 907/951/39 912/956/39
f 906/950/40 908/952/40 910/954/40 907/951/40
f 909/953/25 914/958/28 916/960/30 910/954/26
f 915/959/41 913/957/41 912/956/41 916/960/41
f 923/967/42 911/955/42 913/957/42 924/968/42
f 914/958/28 926/970/36 928/972/38 915/959/29
f 927/971/43 925/969/43 924/968/43 928/972/43
f 917/961/44 923/967/44 925/969/44 918/962/44
f 926/970/36 920/964/32 922/966/34 927/971/37
f 921/965/45 919/963/45 918/962/45 922/966/45
f 905/949/46 917/961/46 919/963/46 906/950/46
f 920/964/32 909/953/25 908/952/24 921/965/33
f 907/951/47 910/954/47 916/960/47 912/956/47
f 919/963/48 921/965/48 908/952/48 906/950/48
f 926/970/21 914/958/21 909/953/21 920/964/21
f 913/957/49 915/959/49 928/972/49 924/968/49
f 925/969/50 927/971/50 922/966/50 918/962/50
f 929/973/23 930/974/23 931/975/23
f 932/976/24 933/977/25 934/978/26
f 935/979/27 936/980/27 937/981/27
f 938/982/28 939/983/29 940/984/30
f 941/985/31 942/986/31 943/987/31
f 944/988/32 945/989/33 946/990/34
f 947/991/35 948/992/35 949/993/35
f 950/994/36 951/995/37 952/996/38
f 935/979/39 929/973/39 931/975/39 936/980/39
f 930/974/40 932/976/40 934/978/40 931/975/40
f 933/977/25 938/982/28 940/984/30 934/978/26
f 939/983/41 937/981/41 936/980/41 940/984/41
f 947/991/42 935/979/42 937/981/42 948/992/42
f 938/982/28 950/994/36 952/996/38 939/983/29
f 951/995/43 949/993/43 948/992/43 952/996/43
f 941/985/44 947/991/44 949/993/44 942/986/44
f 950/994/36 944/988/32 946/990/34 951/995/37
f 945/989/45 943/987/45 942/986/45 946/990/45
f 929/973/46 941/985/46 943/987/46 930/974/46
f 944/988/32 933/977/25 932/976/24 945/989/33
f 931/975/47 934/978/47 940/984/47 936/980/47
f 943/987/48 945/989/48 932/976/48 930/974/48
f 950/994/21 938/982/21 933/977/21 944/988/21
f 937/981/49 939/983/49 952/996/49 948/992/49
f 949/993/50 951/995/50 946/990/50 942/986/50
f 953/997/23 954/998/23 955/999/23
f 956/1000/24 957/1001/25 958/1002/26
f 959/1003/27 960/1004/27 961/1005/27
f 962/1006/28 963/1007/29 964/1008/30
f 965/1009/31 966/1010/31 967/1011/31
f 968/1012/32 969/1013/33 970/1014/34
f 971/1015/35 972/1016/35 973/1017/35
f 974/1018/36 975/1019/37 976/1020/38
f 959/1003/39 953/997/39 955/999/39 960/1004/39
f 954/998/40 956/1000/40 958/1002/40 955/999/40
f 957/1001/25 962/1006/28 964/1008/30 958/1002/26
f 963/1007/41 961/1005/41 960/1004/41 964/1008/41
f 971/1015/42 959/1003/42 961/1005/42 972/1016/42
f 962/1006/28 974/1018/36 976/1020/38 963/1007/29
f 975/1019/43 973/1017/43 972/1016/43 976/1020/43
f 965/1009/44 971/1015/44 973/1017/44 966/1010/44
f 974/1018/36 968/1012/32 970/1014/34 975/1019/37
f 969/1013/45 967/1011/45 966/1010/45 970/1014/45
f 953/997/46 965/1009/46 967/1011/46 954/998/46
f 968/1012/32 957/1001/25 956/1000/24 969/1013/33
f 955/999/47 958/1002/47 964/1008/47 960/1004/47
f 967/1011/48 969/1013/48 956/1000/48 954/998/48
f 974/1018/21 962/1006/21 957/1001/21 968/1012/21
f 961/1005/49 963/1007/49 976/1020/49 972/1016/49
f 973/1017/50 975/1019/50 970/1014/50 966/1010/50
f 977/1021/23 978/1022/23 979/1023/23
f 980/1024/24 981/1025/25 982/1026/26
f 983/1027/27 984/1028/27 985/1029/27
f 986/1030/28 987/1031/29 988/1032/30
f 989/1033/31 990/1034/31 991/1035/31
f 992/1036/32 993/1037/33 994/1038/34
f 995/1039/35 996/1040/35 997/1041/35
f 998/1042/36 999/1043/37 1000/1044/38
f 983/1027/39 977/1021/39 979/1023/39 984/1028/39
f 978/1022/40 980/1024/40 982/1026/40 979/1023/40
f 981/1025/25 986/1030/28 988/1032/30 982/1026/26
f 987/1031/41 985/1029/41 984/1028/41 988/1032/41
f 995/1039/42 983/1027/42 985/1029/42 996/1040/42
f 986/1030/28 998/1042/36 1000/1044/38 987/1031/29
f 999/1043/43 997/1041/43 996/1040/43 1000/1044/43
f 989/1033/44 995/1039/44 997/1041/44 990/1034/44
f 998/1042/36 992/1036/32 994/1038/34 999/1043/37
f 993/1037/45 991/1035/45 990/1034/45 994/1038/45
f 977/1021/46 989/1033/46 991/1035/46 978/1022/46
f 992/1036/32 981/1025/25 980/1024/24 993/1037/33
f 979/1023/47 982/1026/47 988/1032/47 984/1028/47
f 991/1035/48 993/1037/48 980/1024/48 978/1022/48
f 998/1042/21 986/1030/21 981/1025/21 992/1036/21
f 985/1029/49 987/1031/49 1000/1044/49 996/1040/49
f 997/1041/50 999/1043/50 994/1038/50 990/1034/50
f 1001/1045/23 1002/1046/23 1003/1047/23
f 1004/1048/24 1005/1049/25 1006/1050/26
f 1007/1051/27 1008/1052/27 1009/1053/27
f 1010/1054/28 1011/1055/29 1012/1056/30
f 1013/1057/31 1014/1058/31 1015/1059/31
f 1016/1060/32 1017/1061/33 1018/1062/34
f 1019/1063/35 1020/1064/35 1021/1065/35
f 1022/1066/36 1023/1067/37 1024/1068/38
f 1007/1051/39 1001/1045/39 1003/1047/39 1008/1052/39
f 1002/1046/40 1004/1048/40 1006/1050/40 1003/1047/40
f 1005/1049/25 1010/1054/28 1012/1056/30 1006/1050/26
f 1011/1055/41 1009/1053/41 1008/1052/41 1012/1056/41
f 1019/1063/42 1007/1051/42 1009/1053/42 1020/1064/42
f 1010/1054/28 1022/1066/36 1024/1068/38 1011/1055/29
f 1023/1067/43 1021/1065/43 1020/1064/43 1024/1068/43
f 1013/1057/44 1019/1063/44 1021/1065/44 1014/1058/44
f 1022/1066/36 1016/1060/32 1018/1062/34 1023/1067/37
f 1017/1061/45 1015/1059/45 1014/1058/45 1018/1062/45
f 1001/1045/46 1013/1057/46 1015/1059/46 1002/1046/46
f 1016/1060/32 1005/1049/25 1004/1048/24 1017/1061/33
f 1003/1047/47 1006/1050/47 1012/1056/47 1008/1052/47
f 1015/1059/48 1017/1061/48 1004/1048/48 1002/1046/48
f 1022/1066/21 1010/1054/21 1005/1049/21 1016/1060/21
f 1009/1053/49 1011/1055/49 1024/1068/49 1020/1064/49
f 1021/1065/50 1023/1067/50 1018/1062/50 1014/1058/50
f 1025/1069/23 1026/1070/23 1027/1071/23
f 1028/1072/24 1029/1073/25 1030/1074/26
f 1031/1075/27 1032/1076/27 1033/1077/27
f 1034/1078/28 1035/1079/29 1036/1080/30
f 1037/1081/31 1038/1082/31 1039/1083/31
f 1040/1084/32 1041/1085/33 1042/1086/34
f 1043/1087/35 1044/1088/35 1045/1089/35
f 1046/1090/36 1047/1091/37 1048/1092/38
f 1031/1075/39 1025/1069/39 1027/1071/39 1032/1076/39
f 1026/1070/40 1028/1072/40 1030/1074/40 1027/1071/40
f 1029/1073/25 1034/1078/28 1036/1080/30 1030/1074/26
f 1035/1079/41 1033/1077/41 1032/1076/41 1036/1080/41
f 1043/1087/42 1031/1075/42 1033/1077/42 1044/1088/42
f 1034/1078/28 1046/1090/36 1048/1092/38 1035/1079/29
f 1047/1091/43 1045/1089/43 1044/1088/43 1048/1092/43
f 1037/1081/44 1043/1087/44 1045/1089/44 1038/1082/44
f 1046/1090/36 1040/1084/32 1042/1086/34 1047/1091/37
f 1041/1085/45 1039/1083/45 1038/1082/45 1042/1086/45
f 1025/1069/46 1037/1081/46 1039/1083/46 1026/1070/46
f 1040/1084/32 1029/1073/25 1028/1072/24 1041/1085/33
f 1027/1071/47 1030/1074/47 1036/1080/47 1032/1076/47
f 1039/1083/48 1041/1085/48 1028/1072/48 1026/1070/48
f 1046/1090/21 1034/1078/21 1029/1073/21 1040/1084/21
f 1033/1077/49 1035/1079/49 1048/1092/49 1044/1088/49
f 1045/1089/50 1047/1091/50 1042/1086/50 1038/1082/50
f 1049/1093/23 1050/1094/23 1051/1095/23
f 1052/1096/24 1053/1097/25 1054/1098/26
f 1055/1099/27 1056/1100/27 1057/1101/27
f 1058/1102/28 1059/1103/29 1060/1104/30
f 1061/1105/31 1062/1106/31 1063/1107/31
f 1064/1108/32 1065/1109/33 1066/1110/34
f 1067/1111/35 1068/1112/35 1069/1113/35
f 1070/1114/36 1071/1115/37 1072/1116/38
f 1055/1099/39 1049/1093/39 1051/1095/39 1056/1100/39
f 1050/1094/40 1052/1096/40 1054/1098/40 1051/1095/40
f 1053/1097/25 1058/1102/28 1060/1104/30 1054/1098/26
f 1059/1103/41 1057/1101/41 1056/1100/41 1060/1104/41
f 1067/1111/42 1055/1099/42 1057/1101/42 1068/1112/42
f 1058/1102/28 1070/1114/36 1072/1116/38 1059/1103/29
f 1071/1115/43 1069/1113/43 1068/1112/43 1072/1116/43
f 1061/1105/44 1067/1111/44 1069/1113/44 1062/1106/44
f 1070/1114/36 1064/1108/32 1066/1110/34 1071/1115/37
f 1065/1109/45 1063/1107/45 1062/1106/45 1066/1110/45
f 1049/1093/46 1061/1105/46 1063/1107/46 1050/1094/46
f 1064/1108/32 1053/1097/25 1052/1096/24 1065/1109/33
f 1051/1095/47 1054/1098/47 1060/1104/47 1056/1100/47
f 1063/1107/48 1065/1109/48 1052/1096/48 1050/1094/48
f 1070/1114/21 1058/1102/21 1053/1097/21 1064/1108/21
f 1057/1101/49 1059/1103/49 1072/1116/49 1068/1112/49
f 1069/1113/50 1071/1115/50 1066/1110/50 1062/1106/50
f 1073/1117/23 1074/1118/23 1075/1119/23
f 1076/1120/24 1077/1121/25 1078/1122/26
f 1079/1123/27 1080/1124/27 1081/1125/27
f 1082/1126/28 1083/1127/29 1084/1128/30
f 1085/1129/31 1086/1130/31 1087/1131/31
f 1088/1132/32 1089/1133/33 1090/1134/34
f 1091/1135/35 1092/1136/35 1093/1137/35
f 1094/1138/36 1095/1139/37 1096/1140/38
f 1079/1123/39 1073/1117/39 1075/1119/39 1080/1124/39
f 1074/1118/40 1076/1120/40 1078/1122/40 1075/1119/40
f 1077/1121/25 1082/1126/28 1084/1128/30 1078/1122/26
f 1083/1127/41 1081/1125/41 1080/1124/41 1084/1128/41
f 1091/1135/42 1079/1123/42 1081/1125/42 1092/1136/42
f 1082/1126/28 1094/1138/36 1096/1140/38 1083/1127/29
f 1095/1139/43 1093/1137/43 1092/1136/43 1096/1140/43
f 1085/1129/44 1091/1135/44 1093/1137/44 1086/1130/44
f 1094/1138/36 1088/1132/32 1090/1134/34 1095/1139/37
f 1089/1133/45 1087/1131/45 1086/1130/45 1090/1134/45
f 1073/1117/46 1085/1129/46 1087/1131/46 1074/1118/46
f 1088/1132/32 1077/1121/25 1076/1120/24 1089/1133/33
f 1075/1119/47 1078/1122/47 1084/1128/47 1080/1124/47
f 1087/1131/48 1089/1133/48 1076/1120/48 1074/1118/48
f 1094/1138/21 1082/1126/21 1077/1121/21 1088/1132/21
f 1081/1125/49 1083/1127/49 1096/1140/49 1092/1136/49
f 1093/1137/50 1095/1139/50 1090/1134/50 1086/1130/50
f 1097/1141/23 1098/1142/23 1099/1143/23
f 1100/1144/24 1101/1145/25 1102/1146/26
f 1103/1147/27 1104/1148/27 1105/1149/27
f 1106/1150/28 1107/1151/29 1108/1152/30
f 1109/1153/31 1110/1154/31 1111/1155/31
f 1112/1156/32 1113/1157/33 1114/1158/34
f 1115/1159/35 1116/1160/35 1117/1161/35
f 1118/1162/36 1119/1163/37 1120/1164/38
f 1103/1147/39 1097/1141/39 1099/1143/39 1104/1148/39
f 1098/1142/40 1100/1144/40 1102/1146/40 1099/1143/40
f 1101/1145/25 1106/1150/28 1108/1152/30 1102/1146/26
f 1107/1151/41 1105/1149/41 1104/1148/41 1108/1152/41
f 1115/1159/42 1103/1147/42 1105/1149/42 1116/1160/42
f 1106/1150/28 1118/1162/36 1120/1164/38 1107/1151/29
f 1119/1163/43 1117/1161/43 1116/1160/43 1120/1164/43
f 1109/1153/44 1115/1159/44 1117/1161/44 1110/1154/44
f 1118/1162/36 1112/1156/32 1114/1158/34 1119/1163/37
f 1113/1157/45 1111/1155/45 1110/1154/45 1114/1158/45
f 1097/1141/46 1109/1153/46 1111/1155/46 1098/1142/46
f 1112/1156/32 1101/1145/25 1100/1144/24 1113/1157/33
f 1099/1143/47 1102/1146/47 1108/1152/47 1104/1148/47
f 1111/1155/48 1113/1157/48 1100/1144/48 1098/1142/48
f 1118/1162/21 1106/1150/21 1101/1145/21 1112/1156/21
f 1105/1149/49 1107/1151/49 1120/1164/49 1116/1160/49
f 1117/1161/50 1119/1163/50 1114/1158/50 1110/1154/50
f 1121/1165/23 1122/1166/23 1123/1167/23
f 1124/1168/24 1125/1169/25 1126/1170/26
f 1127/1171/27 1128/1172/27 1129/1173/27
f 1130/1174/28 1131/1175/29 1132/1176/30
f 1133/1177/31 1134/1178/31 1135/1179/31
f 1136/1180/32 1137/1181/33 1138/1182/34
f 1139/1183/35 1140/1184/35 1141/1185/35
f 1142/1186/36 1143/1187/37 1144/1188/38
f 1127/1171/39 1121/1165/39 1123/1167/39 1128/1172/39
f 1122/1166/40 1124/1168/40 1126/1170/40 1123/1167/40
f 1125/1169/25 1130/1174/28 1132/1176/30 1126/1170/26
f 1131/1175/41 1129/1173/41 1128/1172/41 1132/1176/41
f 1139/1183/42 1127/1171/42 1129/1173/42 1140/1184/42
f 1130/1174/28 1142/1186/36 1144/1188/38 1131/1175/29
f 1143/1187/43 1141/1185/43 1140/1184/43 1144/1188/43
f 1133/1177/44 1139/1183/44 1141/1185/44 1134/1178/44
f 1142/1186/36 1136/1180/32 1138/1182/34 1143/1187/37
f 1137/1181/45 1135/1179/45 1134/1178/45 1138/1182/45
f 1121/1165/46 1133/1177/46 1135/1179/46 1122/1166/46
f 1136/1180/32 1125/1169/25 1124/1168/24 1137/1181/33
f 1123/1167/47 1126/1170/47 1132/1176/47 1128/1172/47
f 1135/1179/48 1137/1181/48 1124/1168/48 1122/1166/48
f 1142/1186/21 1130/1174/21 1125/1169/21 1136/1180/21
f 1129/1173/49 1131/1175/49 1144/1188/49 1140/1184/49
f 1141/1185/50 1143/1187/50 1138/1182/50 1134/1178/50
f 1145/1189/23 1146/1190/23 1147/1191/23
f 1148/1192/24 1149/1193/25 1150/1194/26
f 1151/1195/27 1152/1196/27 1153/1197/27
f 1154/1198/28 1155/1199/29 1156/1200/30
f 1157/1201/31 1158/1202/31 1159/1203/31
f 1160/1204/32 1161/1205/33 1162/1206/34
f 1163/1207/35 1164/1208/35 1165/1209/35
f 1166/1210/36 1167/1211/37 1168/1212/38
f 1151/1195/39 1145/1189/39 1147/1191/39 1152/1196/39
f 1146/1190/40 1148/1192/40 1150/1194/40 1147/1191/40
f 1149/1193/25 1154/1198/28 1156/1200/30 1150/1194/26
f 1155/1199/41 1153/1197/41 1152/1196/41 1156/1200/41
f 1163/1207/42 1151/1195/42 1153/1197/42 1164/1208/42
f 1154/1198/28 1166/1210/36 1168/1212/38 1155/1199/29
f 1167/1211/43 1165/1209/43 1164/1208/43 1168/1212/43
f 1157/1201/44 1163/1207/44 1165/1209/44 1158/1202/44
f 1166/1210/36 1160/1204/32 1162/1206/34 1167/1211/37
f 1161/1205/45 1159/1203/45 1158/1202/45 1162/1206/45
f 1145/1189/46 1157/1201/46 1159/1203/46 1146/1190/46
f 1160/1204/32 1149/1193/25 1148/1192/24 1161/1205/33
f 1147/1191/47 1150/1194/47 1156/1200/47 1152/1196/47
f 1159/1203/48 1161/1205/48 1148/1192/48 1146/1190/48
f 1166/1210/21 1154/1198/21 1149/1193/21 1160/1204/21
f 1153/1197/49 1155/1199/49 1168/1212/49 1164/1208/49
f 1165/1209/50 1167/1211/50 1162/1206/50 1158/1202/50
f 1169/1213/23 1170/1214/23 1171/1215/23
f 1172/1216/24 1173/1217/25 1174/1218/26
f 1175/1219/27 1176/1220/27 1177/1221/27
f 1178/1222/28 1179/1223/29 1180/1224/30
f 1181/1225/44 1182/1226/44 1200/1227/44 1199/1228/44
f 1185/1229/35 1186/1230/35 1187/1231/35
f 1188/1232/36 1189/1233/37 1190/1234/38
f 1175/1219/39 1169/1213/39 1171/1215/39 1176/1220/39
f 1170/1214/40 1172/1235/40 1174/1236/40 1171/1215/40
f 1173/1217/25 1178/1222/28 1180/1224/30 1174/1218/26
f 1179/1237/41 1177/1221/41 1176/1220/41 1180/1238/41
f 1191/1239/42 1175/1219/42 1177/1221/42 1192/1240/42
f 1193/1241/75 1188/1232/36 1190/1234/38 1194/1242/75
f 1189/1243/43 1187/1231/43 1186/1230/43 1190/1244/43
f 1181/1225/44 1185/1229/44 1187/1231/44 1182/1226/44
f 1188/1232/36 1183/1245/76 1184/1246/76 1189/1233/37
f 1184/1246/76 1183/1245/76 1202/1247/32 1204/1248/34
f 1197/1249/77 1198/1250/78 1208/1251/79 1207/1252/77
f 1197/1249/80 1173/1217/25 1172/1216/24 1198/1250/80
f 1171/1215/47 1174/1236/47 1180/1238/47 1176/1220/47
f 1196/1253/48 1198/1254/48 1172/1235/48 1170/1214/48
f 1193/1241/21 1178/1222/21 1173/1217/21 1197/1249/21
f 1192/1240/49 1194/1255/49 1190/1244/49 1186/1230/49
f 1187/1231/50 1189/1243/50 1184/1256/50 1182/1226/50
f 1177/1221/49 1179/1237/49 1194/1255/49 1192/1240/49
f 1188/1232/21 1193/1241/21 1197/1249/21 1183/1245/21
f 1182/1226/50 1184/1256/50 1204/1257/50 1200/1227/50
f 1183/1245/21 1197/1249/21 1207/1252/21 1202/1247/21
f 1169/1213/46 1195/1258/46 1196/1253/46 1170/1214/46
f 1178/1222/28 1193/1241/75 1194/1242/75 1179/1223/29
f 1185/1229/42 1191/1239/42 1192/1240/42 1186/1230/42
f 1199/1228/31 1200/1227/31 1201/1259/31
f 1202/1247/32 1203/1260/33 1204/1248/34
f 1203/1261/45 1201/1259/45 1200/1227/45 1204/1257/45
f 1205/1262/46 1199/1228/46 1201/1259/46 1206/1263/46
f 1201/1259/48 1203/1261/48 1208/1264/48 1206/1263/48
f 1202/1247/32 1207/1252/80 1208/1251/80 1203/1260/33
f 1196/1265/81 1195/1266/82 1205/1262/82 1206/1263/83
f 1198/1267/78 1196/1265/81 1206/1263/83 1208/1264/79
f 1209/1268/23 1210/1269/23 1211/1270/23
f 1212/1271/24 1213/1272/25 1214/1273/26
f 1215/1274/27 1216/1275/27 1217/1276/27
f 1218/1277/28 1219/1278/29 1220/1279/30
f 1221/1280/31 1222/1281/31 1223/1282/31
f 1224/1283/32 1225/1284/33 1226/1285/34
f 1227/1286/35 1228/1287/35 1229/1288/35
f 1230/1289/36 1231/1290/37 1232/1291/38
f 1215/1274/39 1209/1268/39 1211/1270/39 1216/1275/39
f 1210/1269/40 1212/1271/40 1214/1273/40 1211/1270/40
f 1213/1272/25 1218/1277/28 1220/1279/30 1214/1273/26
f 1219/1278/41 1217/1276/41 1216/1275/41 1220/1279/41
f 1227/1286/42 1215/1274/42 1217/1276/42 1228/1287/42
f 1218/1277/28 1230/1289/36 1232/1291/38 1219/1278/29
f 1231/1290/43 1229/1288/43 1228/1287/43 1232/1291/43
f 1221/1280/44 1227/1286/44 1229/1288/44 1222/1281/44
f 1230/1289/36 1224/1283/32 1226/1285/34 1231/1290/37
f 1225/1284/45 1223/1282/45 1222/1281/45 1226/1285/45
f 1209/1268/46 1221/1280/46 1223/1282/46 1210/1269/46
f 1224/1283/32 1213/1272/25 1212/1271/24 1225/1284/33
f 1211/1270/47 1214/1273/47 1220/1279/47 1216/1275/47
f 1223/1282/48 1225/1284/48 1212/1271/48 1210/1269/48
f 1230/1289/21 1218/1277/21 1213/1272/21 1224/1283/21
f 1217/1276/49 1219/1278/49 1232/1291/49 1228/1287/49
f 1229/1288/50 1231/1290/50 1226/1285/50 1222/1281/50
f 1233/1292/23 1234/1293/23 1235/1294/23
f 1236/1295/24 1237/1296/25 1238/1297/26
f 1239/1298/27 1240/1299/27 1241/1300/27
f 1242/1301/28 1243/1302/29 1244/1303/30
f 1245/1304/31 1246/1305/31 1247/1306/31
f 1248/1307/32 1249/1308/33 1250/1309/34
f 1251/1310/35 1252/1311/35 1253/1312/35
f 1254/1313/36 1255/1314/37 1256/1315/38
f 1239/1298/39 1233/1292/39 1235/1294/39 1240/1299/39
f 1234/1293/40 1236/1295/40 1238/1297/40 1235/1294/40
f 1237/1296/25 1242/1301/28 1244/1303/30 1238/1297/26
f 1243/1302/41 1241/1300/41 1240/1299/41 1244/1303/41
f 1251/1310/42 1239/1298/42 1241/1300/42 1252/1311/42
f 1242/1301/28 1254/1313/36 1256/1315/38 1243/1302/29
f 1255/1314/43 1253/1312/43 1252/1311/43 1256/1315/43
f 1245/1304/44 1251/1310/44 1253/1312/44 1246/1305/44
f 1254/1313/36 1248/1307/32 1250/1309/34 1255/1314/37
f 1249/1308/45 1247/1306/45 1246/1305/45 1250/1309/45
f 1233/1292/46 1245/1304/46 1247/1306/46 1234/1293/46
f 1248/1307/32 1237/1296/25 1236/1295/24 1249/1308/33
f 1235/1294/47 1238/1297/47 1244/1303/47 1240/1299/47
f 1247/1306/48 1249/1308/48 1236/1295/48 1234/1293/48
f 1254/1313/21 1242/1301/21 1237/1296/21 1248/1307/21
f 1241/1300/49 1243/1302/49 1256/1315/49 1252/1311/49
f 1253/1312/50 1255/1314/50 1250/1309/50 1246/1305/50
f 1257/1316/23 1258/1317/23 1259/1318/23
f 1260/1319/24 1261/1320/25 1262/1321/26
f 1263/1322/27 1264/1323/27 1265/1324/27
f 1266/1325/28 1267/1326/29 1268/1327/30
f 1269/1328/31 1270/1329/31 1271/1330/31
f 1272/1331/32 1273/1332/33 1274/1333/34
f 1275/1334/35 1276/1335/35 1277/1336/35
f 1278/1337/36 1279/1338/37 1280/1339/38
f 1263/1322/39 1257/1316/39 1259/1318/39 1264/1323/39
f 1258/1317/40 1260/1319/40 1262/1321/40 1259/1318/40
f 1261/1320/25 1266/1325/28 1268/1327/30 1262/1321/26
f 1267/1326/41 1265/1324/41 1264/1323/41 1268/1327/41
f 1275/1334/42 1263/1322/42 1265/1324/42 1276/1335/42
f 1266/1325/28 1278/1337/36 1280/1339/38 1267/1326/29
f 1279/1338/43 1277/1336/43 1276/1335/43 1280/1339/43
f 1269/1328/44 1275/1334/44 1277/1336/44 1270/1329/44
f 1278/1337/36 1272/1331/32 1274/1333/34 1279/1338/37
f 1273/1332/45 1271/1330/45 1270/1329/45 1274/1333/45
f 1257/1316/46 1269/1328/46 1271/1330/46 1258/1317/46
f 1272/1331/32 1261/1320/25 1260/1319/24 1273/1332/33
f 1259/1318/47 1262/1321/47 1268/1327/47 1264/1323/47
f 1271/1330/48 1273/1332/48 1260/1319/48 1258/1317/48
f 1278/1337/21 1266/1325/21 1261/1320/21 1272/1331/21
f 1265/1324/49 1267/1326/49 1280/1339/49 1276/1335/49
f 1277/1336/50 1279/1338/50 1274/1333/50 1270/1329/50
f 1281/1340/23 1282/1341/23 1283/1342/23
f 1284/1343/24 1285/1344/25 1286/1345/26
f 1287/1346/27 1288/1347/27 1289/1348/27
f 1290/1349/28 1291/1350/29 1292/1351/30
f 1293/1352/31 1294/1353/31 1295/1354/31
f 1296/1355/32 1297/1356/33 1298/1357/34
f 1299/1358/35 1300/1359/35 1301/1360/35
f 1302/1361/36 1303/1362/37 1304/1363/38
f 1287/1346/39 1281/1340/39 1283/1342/39 1288/1347/39
f 1282/1341/40 1284/1343/40 1286/1345/40 1283/1342/40
f 1285/1344/25 1290/1349/28 1292/1351/30 1286/1345/26
f 1291/1350/41 1289/1348/41 1288/1347/41 1292/1351/41
f 1299/1358/42 1287/1346/42 1289/1348/42 1300/1359/42
f 1290/1349/28 1302/1361/36 1304/1363/38 1291/1350/29
f 1303/1362/43 1301/1360/43 1300/1359/43 1304/1363/43
f 1293/1352/44 1299/1358/44 1301/1360/44 1294/1353/44
f 1302/1361/36 1296/1355/32 1298/1357/34 1303/1362/37
f 1297/1356/45 1295/1354/45 1294/1353/45 1298/1357/45
f 1281/1340/46 1293/1352/46 1295/1354/46 1282/1341/46
f 1296/1355/32 1285/1344/25 1284/1343/24 1297/1356/33
f 1283/1342/47 1286/1345/47 1292/1351/47 1288/1347/47
f 1295/1354/48 1297/1356/48 1284/1343/48 1282/1341/48
f 1302/1361/21 1290/1349/21 1285/1344/21 1296/1355/21
f 1289/1348/49 1291/1350/49 1304/1363/49 1300/1359/49
f 1301/1360/50 1303/1362/50 1298/1357/50 1294/1353/50
f 1305/1364/23 1306/1365/23 1307/1366/23
f 1308/1367/24 1309/1368/25 1310/1369/26
f 1311/1370/27 1312/1371/27 1313/1372/27
f 1314/1373/28 1315/1374/29 1316/1375/30
f 1317/1376/31 1318/1377/31 1319/1378/31
f 1320/1379/32 1321/1380/33 1322/1381/34
f 1323/1382/35 1324/1383/35 1325/1384/35
f 1326/1385/36 1327/1386/37 1328/1387/38
f 1311/1370/39 1305/1364/39 1307/1366/39 1312/1371/39
f 1306/1365/40 1308/1367/40 1310/1369/40 1307/1366/40
f 1309/1368/25 1314/1373/28 1316/1375/30 1310/1369/26
f 1315/1374/41 1313/1372/41 1312/1371/41 1316/1375/41
f 1323/1382/42 1311/1370/42 1313/1372/42 1324/1383/42
f 1314/1373/28 1326/1385/36 1328/1387/38 1315/1374/29
f 1327/1386/43 1325/1384/43 1324/1383/43 1328/1387/43
f 1317/1376/44 1323/1382/44 1325/1384/44 1318/1377/44
f 1326/1385/36 1320/1379/32 1322/1381/34 1327/1386/37
f 1321/1380/45 1319/1378/45 1318/1377/45 1322/1381/45
f 1305/1364/46 1317/1376/46 1319/1378/46 1306/1365/46
f 1320/1379/32 1309/1368/25 1308/1367/24 1321/1380/33
f 1307/1366/47 1310/1369/47 1316/1375/47 1312/1371/47
f 1319/1378/48 1321/1380/48 1308/1367/48 1306/1365/48
f 1326/1385/21 1314/1373/21 1309/1368/21 1320/1379/21
f 1313/1372/49 1315/1374/49 1328/1387/49 1324/1383/49
f 1325/1384/50 1327/1386/50 1322/1381/50 1318/1377/50
f 1329/1388/23 1330/1389/23 1331/1390/23
f 1332/1391/24 1333/1392/25 1334/1393/26
f 1335/1394/27 1336/1395/27 1337/1396/27
f 1338/1397/28 1339/1398/29 1340/1399/30
f 1341/1400/31 1342/1401/31 1343/1402/31
f 1344/1403/32 1345/1404/33 1346/1405/34
f 1347/1406/35 1348/1407/35 1349/1408/35
f 1350/1409/36 1351/1410/37 1352/1411/38
f 1335/1394/39 1329/1388/39 1331/1390/39 1336/1395/39
f 1330/1389/40 1332/1391/40 1334/1393/40 1331/1390/40
f 1333/1392/25 1338/1397/28 1340/1399/30 1334/1393/26
f 1339/1398/41 1337/1396/41 1336/1395/41 1340/1399/41
f 1347/1406/42 1335/1394/42 1337/1396/42 1348/1407/42
f 1338/1397/28 1350/1409/36 1352/1411/38 1339/1398/29
f 1351/1410/43 1349/1408/43 1348/1407/43 1352/1411/43
f 1341/1400/44 1347/1406/44 1349/1408/44 1342/1401/44
f 1350/1409/36 1344/1403/32 1346/1405/34 1351/1410/37
f 1345/1404/45 1343/1402/45 1342/1401/45 1346/1405/45
f 1329/1388/46 1341/1400/46 1343/1402/46 1330/1389/46
f 1344/1403/32 1333/1392/25 1332/1391/24 1345/1404/33
f 1331/1390/47 1334/1393/47 1340/1399/47 1336/1395/47
f 1343/1402/48 1345/1404/48 1332/1391/48 1330/1389/48
f 1350/1409/21 1338/1397/21 1333/1392/21 1344/1403/21
f 1337/1396/49 1339/1398/49 1352/1411/49 1348/1407/49
f 1349/1408/50 1351/1410/50 1346/1405/50 1342/1401/50
f 1353/1412/23 1354/1413/23 1355/1414/23
f 1356/1415/24 1357/1416/25 1358/1417/26
f 1359/1418/27 1360/1419/27 1361/1420/27
f 1362/1421/28 1363/1422/29 1364/1423/30
f 1365/1424/31 1366/1425/31 1367/1426/31
f 1368/1427/32 1369/1428/33 1370/1429/34
f 1371/1430/35 1372/1431/35 1373/1432/35
f 1374/1433/36 1375/1434/37 1376/1435/38
f 1359/1418/39 1353/1412/39 1355/1414/39 1360/1419/39
f 1354/1413/40 1356/1415/40 1358/1417/40 1355/1414/40
f 1357/1416/25 1362/1421/28 1364/1423/30 1358/1417/26
f 1363/1422/41 1361/1420/41 1360/1419/41 1364/1423/41
f 1371/1430/42 1359/1418/42 1361/1420/42 1372/1431/42
f 1362/1421/28 1374/1433/36 1376/1435/38 1363/1422/29
f 1375/1434/43 1373/1432/43 1372/1431/43 1376/1435/43
f 1365/1424/44 1371/1430/44 1373/1432/44 1366/1425/44
f 1374/1433/36 1368/1427/32 1370/1429/34 1375/1434/37
f 1369/1428/45 1367/1426/45 1366/1425/45 1370/1429/45
f 1353/1412/46 1365/1424/46 1367/1426/46 1354/1413/46
f 1368/1427/32 1357/1416/25 1356/1415/24 1369/1428/33
f 1355/1414/47 1358/1417/47 1364/1423/47 1360/1419/47
f 1367/1426/48 1369/1428/48 1356/1415/48 1354/1413/48
f 1374/1433/21 1362/1421/21 1357/1416/21 1368/1427/21
f 1361/1420/49 1363/1422/49 1376/1435/49 1372/1431/49
f 1373/1432/50 1375/1434/50 1370/1429/50 1366/1425/50
f 1377/1436/23 1378/1437/23 1379/1438/23
f 1380/1439/24 1381/1440/25 1382/1441/26
f 1383/1442/27 1384/1443/27 1385/1444/27
f 1386/1445/28 1387/1446/29 1388/1447/30
f 1389/1448/31 1390/1449/31 1391/1450/31
f 1392/1451/32 1393/1452/33 1394/1453/34
f 1395/1454/35 1396/1455/35 1397/1456/35
f 1398/1457/36 1399/1458/37 1400/1459/38
f 1383/1442/39 1377/1436/39 1379/1438/39 1384/1443/39
f 1378/1437/40 1380/1439/40 1382/1441/40 1379/1438/40
f 1381/1440/25 1386/1445/28 1388/1447/30 1382/1441/26
f 1387/1446/41 1385/1444/41 1384/1443/41 1388/1447/41
f 1395/1454/42 1383/1442/42 1385/1444/42 1396/1455/42
f 1386/1445/28 1398/1457/36 1400/1459/38 1387/1446/29
f 1399/1458/43 1397/1456/43 1396/1455/43 1400/1459/43
f 1389/1448/44 1395/1454/44 1397/1456/44 1390/1449/44
f 1398/1457/36 1392/1451/32 1394/1453/34 1399/1458/37
f 1393/1452/45 1391/1450/45 1390/1449/45 1394/1453/45
f 1377/1436/46 1389/1448/46 1391/1450/46 1378/1437/46
f 1392/1451/32 1381/1440/25 1380/1439/24 1393/1452/33
f 1379/1438/47 1382/1441/47 1388/1447/47 1384/1443/47
f 1391/1450/48 1393/1452/48 1380/1439/48 1378/1437/48
f 1398/1457/21 1386/1445/21 1381/1440/21 1392/1451/21
f 1385/1444/49 1387/1446/49 1400/1459/49 1396/1455/49
f 1397/1456/50 1399/1458/50 1394/1453/50 1390/1449/50
f 1401/1460/23 1402/1461/23 1403/1462/23
f 1404/1463/24 1405/1464/25 1406/1465/26
f 1407/1466/27 1408/1467/27 1409/1468/27
f 1410/1469/28 1411/1470/29 1412/1471/30
f 1413/1472/31 1414/1473/31 1415/1474/31
f 1416/1475/32 1417/1476/33 1418/1477/34
f 1419/1478/35 1420/1479/35 1421/1480/35
f 1422/1481/36 1423/1482/37 1424/1483/38
f 1407/1466/39 1401/1460/39 1403/1462/39 1408/1467/39
f 1402/1461/40 1404/1463/40 1406/1465/40 1403/1462/40
f 1405/1464/25 1410/1469/28 1412/1471/30 1406/1465/26
f 1411/1470/41 1409/1468/41 1408/1467/41 1412/1471/41
f 1419/1478/42 1407/1466/42 1409/1468/42 1420/1479/42
f 1410/1469/28 1422/1481/36 1424/1483/38 1411/1470/29
f 1423/1482/43 1421/1480/43 1420/1479/43 1424/1483/43
f 1413/1472/44 1419/1478/44 1421/1480/44 1414/1473/44
f 1422/1481/36 1416/1475/32 1418/1477/34 1423/1482/37
f 1417/1476/45 1415/1474/45 1414/1473/45 1418/1477/45
f 1401/1460/46 1413/1472/46 1415/1474/46 1402/1461/46
f 1416/1475/32 1405/1464/25 1404/1463/24 1417/1476/33
f 1403/1462/47 1406/1465/47 1412/1471/47 1408/1467/47
f 1415/1474/48 1417/1476/48 1404/1463/48 1402/1461/48
f 1422/1481/21 1410/1469/21 1405/1464/21 1416/1475/21
f 1409/1468/49 1411/1470/49 1424/1483/49 1420/1479/49
f 1421/1480/50 1423/1482/50 1418/1477/50 1414/1473/50
f 1425/1484/23 1426/1485/23 1427/1486/23
f 1428/1487/24 1429/1488/25 1430/1489/26
f 1431/1490/27 1432/1491/27 1433/1492/27
f 1434/1493/28 1435/1494/29 1436/1495/30
f 1437/1496/31 1438/1497/31 1439/1498/31
f 1440/1499/32 1441/1500/33 1442/1501/34
f 1443/1502/35 1444/1503/35 1445/1504/35
f 1446/1505/36 1447/1506/37 1448/1507/38
f 1431/1490/39 1425/1484/39 1427/1486/39 1432/1491/39
f 1426/1485/40 1428/1487/40 1430/1489/40 1427/1486/40
f 1429/1488/25 1434/1493/28 1436/1495/30 1430/1489/26
f 1435/1494/41 1433/1492/41 1432/1491/41 1436/1495/41
f 1443/1502/42 1431/1490/42 1433/1492/42 1444/1503/42
f 1434/1493/28 1446/1505/36 1448/1507/38 1435/1494/29
f 1447/1506/43 1445/1504/43 1444/1503/43 1448/1507/43
f 1437/1496/44 1443/1502/44 1445/1504/44 1438/1497/44
f 1446/1505/36 1440/1499/32 1442/1501/34 1447/1506/37
f 1441/1500/45 1439/1498/45 1438/1497/45 1442/1501/45
f 1425/1484/46 1437/1496/46 1439/1498/46 1426/1485/46
f 1440/1499/32 1429/1488/25 1428/1487/24 1441/1500/33
f 1427/1486/47 1430/1489/47 1436/1495/47 1432/1491/47
f 1439/1498/48 1441/1500/48 1428/1487/48 1426/1485/48
f 1446/1505/21 1434/1493/21 1429/1488/21 1440/1499/21
f 1433/1492/49 1435/1494/49 1448/1507/49 1444/1503/49
f 1445/1504/50 1447/1506/50 1442/1501/50 1438/1497/50
f 1449/1508/23 1450/1509/23 1451/1510/23
f 1452/1511/24 1453/1512/25 1454/1513/26
f 1455/1514/27 1456/1515/27 1457/1516/27
f 1458/1517/28 1459/1518/29 1460/1519/30
f 1461/1520/31 1462/1521/31 1463/1522/31
f 1464/1523/32 1465/1524/33 1466/1525/34
f 1467/1526/35 1468/1527/35 1469/1528/35
f 1470/1529/36 1471/1530/37 1472/1531/38
f 1455/1514/39 1449/1508/39 1451/1510/39 1456/1515/39
f 1450/1509/40 1452/1511/40 1454/1513/40 1451/1510/40
f 1453/1512/25 1458/1517/28 1460/1519/30 1454/1513/26
f 1459/1518/41 1457/1516/41 1456/1515/41 1460/1519/41
f 1467/1526/42 1455/1514/42 1457/1516/42 1468/1527/42
f 1458/1517/28 1470/1529/36 1472/1531/38 1459/1518/29
f 1471/1530/43 1469/1528/43 1468/1527/43 1472/1531/43
f 1461/1520/44 1467/1526/44 1469/1528/44 1462/1521/44
f 1470/1529/36 1464/1523/32 1466/1525/34 1471/1530/37
f 1465/1524/45 1463/1522/45 1462/1521/45 1466/1525/45
f 1449/1508/46 1461/1520/46 1463/1522/46 1450/1509/46
f 1464/1523/32 1453/1512/25 1452/1511/24 1465/1524/33
f 1451/1510/47 1454/1513/47 1460/1519/47 1456/1515/47
f 1463/1522/48 1465/1524/48 1452/1511/48 1450/1509/48
f 1470/1529/21 1458/1517/21 1453/1512/21 1464/1523/21
f 1457/1516/49 1459/1518/49 1472/1531/49 1468/1527/49
f 1469/1528/50 1471/1530/50 1466/1525/50 1462/1521/50
f 1473/1532/23 1474/1533/23 1475/1534/23
f 1476/1535/24 1477/1536/25 1478/1537/26
f 1479/1538/27 1480/1539/27 1481/1540/27
f 1482/1541/28 1483/1542/29 1484/1543/30
f 1485/1544/31 1486/1545/31 1487/1546/31
f 1488/1547/32 1489/1548/33 1490/1549/34
f 1491/1550/35 1492/1551/35 1493/1552/35
f 1494/1553/36 1495/1554/37 1496/1555/38
f 1479/1538/39 1473/1532/39 1475/1534/39 1480/1539/39
f 1474/1533/40 1476/1535/40 1478/1537/40 1475/1534/40
f 1477/1536/25 1482/1541/28 1484/1543/30 1478/1537/26
f 1483/1542/41 1481/1540/41 1480/1539/41 1484/1543/41
f 1491/1550/42 1479/1538/42 1481/1540/42 1492/1551/42
f 1482/1541/28 1494/1553/36 1496/1555/38 1483/1542/29
f 1495/1554/43 1493/1552/43 1492/1551/43 1496/1555/43
f 1485/1544/44 1491/1550/44 1493/1552/44 1486/1545/44
f 1494/1553/36 1488/1547/32 1490/1549/34 1495/1554/37
f 1489/1548/45 1487/1546/45 1486/1545/45 1490/1549/45
f 1473/1532/46 1485/1544/46 1487/1546/46 1474/1533/46
f 1488/1547/32 1477/1536/25 1476/1535/24 1489/1548/33
f 1475/1534/47 1478/1537/47 1484/1543/47 1480/1539/47
f 1487/1546/48 1489/1548/48 1476/1535/48 1474/1533/48
f 1494/1553/21 1482/1541/21 1477/1536/21 1488/1547/21
f 1481/1540/49 1483/1542/49 1496/1555/49 1492/1551/49
f 1493/1552/50 1495/1554/50 1490/1549/50 1486/1545/50
f 1497/1556/23 1498/1557/23 1499/1558/23
f 1500/1559/24 1501/1560/25 1502/1561/26
f 1503/1562/27 1504/1563/27 1505/1564/27
f 1506/1565/28 1507/1566/29 1508/1567/30
f 1509/1568/31 1510/1569/31 1511/1570/31
f 1512/1571/32 1513/1572/33 1514/1573/34
f 1515/1574/35 1516/1575/35 1517/1576/35
f 1518/1577/36 1519/1578/37 1520/1579/38
f 1503/1562/39 1497/1556/39 1499/1558/39 1504/1563/39
f 1498/1557/40 1500/1559/40 1502/1561/40 1499/1558/40
f 1501/1560/25 1506/1565/28 1508/1567/30 1502/1561/26
f 1507/1566/41 1505/1564/41 1504/1563/41 1508/1567/41
f 1515/1574/42 1503/1562/42 1505/1564/42 1516/1575/42
f 1506/1565/28 1518/1577/36 1520/1579/38 1507/1566/29
f 1519/1578/43 1517/1576/43 1516/1575/43 1520/1579/43
f 1509/1568/44 1515/1574/44 1517/1576/44 1510/1569/44
f 1518/1577/36 1512/1571/32 1514/1573/34 1519/1578/37
f 1513/1572/45 1511/1570/45 1510/1569/45 1514/1573/45
f 1497/1556/46 1509/1568/46 1511/1570/46 1498/1557/46
f 1512/1571/32 1501/1560/25 1500/1559/24 1513/1572/33
f 1499/1558/47 1502/1561/47 1508/1567/47 1504/1563/47
f 1511/1570/48 1513/1572/48 1500/1559/48 1498/1557/48
f 1518/1577/21 1506/1565/21 1501/1560/21 1512/1571/21
f 1505/1564/49 1507/1566/49 1520/1579/49 1516/1575/49
f 1517/1576/50 1519/1578/50 1514/1573/50 1510/1569/50
f 1521/1580/23 1522/1581/23 1523/1582/23
f 1524/1583/24 1525/1584/25 1526/1585/26
f 1527/1586/27 1528/1587/27 1529/1588/27
f 1530/1589/28 1531/1590/29 1532/1591/30
f 1533/1592/31 1534/1593/31 1535/1594/31
f 1536/1595/32 1537/1596/33 1538/1597/34
f 1539/1598/35 1540/1599/35 1541/1600/35
f 1542/1601/36 1543/1602/37 1544/1603/38
f 1527/1586/39 1521/1580/39 1523/1582/39 1528/1587/39
f 1522/1581/40 1524/1583/40 1526/1585/40 1523/1582/40
f 1525/1584/25 1530/1589/28 1532/1591/30 1526/1585/26
f 1531/1590/41 1529/1588/41 1528/1587/41 1532/1591/41
f 1539/1598/42 1527/1586/42 1529/1588/42 1540/1599/42
f 1530/1589/28 1542/1601/36 1544/1603/38 1531/1590/29
f 1543/1602/43 1541/1600/43 1540/1599/43 1544/1603/43
f 1533/1592/44 1539/1598/44 1541/1600/44 1534/1593/44
f 1542/1601/36 1536/1595/32 1538/1597/34 1543/1602/37
f 1537/1596/45 1535/1594/45 1534/1593/45 1538/1597/45
f 1521/1580/46 1533/1592/46 1535/1594/46 1522/1581/46
f 1536/1595/32 1525/1584/25 1524/1583/24 1537/1596/33
f 1523/1582/47 1526/1585/47 1532/1591/47 1528/1587/47
f 1535/1594/48 1537/1596/48 1524/1583/48 1522/1581/48
f 1542/1601/21 1530/1589/21 1525/1584/21 1536/1595/21
f 1529/1588/49 1531/1590/49 1544/1603/49 1540/1599/49
f 1541/1600/50 1543/1602/50 1538/1597/50 1534/1593/50
f 1545/1604/23 1546/1605/23 1547/1606/23
f 1548/1607/84 1549/1608/85 1550/1609/26
f 1551/1610/27 1552/1611/27 1553/1612/27
f 1554/1613/86 1555/1614/87 1556/1615/30
f 1557/1616/31 1558/1617/31 1559/1618/31
f 1573/1619/88 1574/1620/89 1582/1621/89 1584/1622/90
f 1562/1623/35 1563/1624/35 1564/1625/35
f 1560/1626/21 1561/1627/21 1575/1628/21 1577/1629/21
f 1551/1610/39 1545/1604/39 1547/1606/39 1552/1611/39
f 1546/1605/40 1548/1607/40 1550/1609/40 1547/1606/40
f 1549/1608/85 1554/1613/86 1556/1615/30 1550/1609/26
f 1555/1614/41 1553/1612/41 1552/1611/41 1556/1615/41
f 1567/1630/42 1551/1610/42 1553/1612/42 1568/1631/42
f 1570/1632/91 1569/1633/92 1581/1634/93 1583/1635/91
f 1565/1636/94 1564/1625/94 1563/1624/94 1566/1637/94
f 1557/1616/44 1562/1623/44 1564/1625/44 1558/1617/44
f 1561/1627/21 1565/1636/21 1580/1638/21 1575/1628/21
f 1560/1626/95 1559/1618/95 1558/1617/95 1561/1627/95
f 1571/1639/46 1557/1616/46 1559/1618/46 1572/1640/46
f 1573/1619/96 1549/1608/85 1548/1607/84 1574/1620/96
f 1547/1606/47 1550/1609/47 1556/1615/47 1552/1611/47
f 1572/1640/97 1574/1620/98 1548/1607/99 1546/1605/99
f 1569/1633/21 1554/1613/21 1549/1608/21 1573/1619/21
f 1568/1631/100 1570/1632/101 1566/1637/102 1563/1624/102
f 1564/1625/103 1565/1636/103 1561/1627/103 1558/1617/103
f 1553/1612/104 1555/1614/104 1570/1632/101 1568/1631/100
f 1565/1636/21 1566/1637/21 1578/1641/21 1580/1638/21
f 1559/1618/105 1560/1626/105 1574/1620/98 1572/1640/97
f 1574/1620/21 1560/1626/21 1577/1629/21 1582/1621/21
f 1545/1604/46 1571/1639/46 1572/1640/46 1546/1605/46
f 1554/1613/86 1569/1633/106 1570/1632/106 1555/1614/87
f 1562/1623/42 1567/1630/42 1568/1631/42 1563/1624/42
f 1576/1642/21 1577/1629/21 1575/1628/21
f 1579/1643/21 1580/1638/21 1578/1641/21
f 1581/1634/21 1579/1643/21 1578/1641/21 1583/1635/21
f 1579/1643/21 1576/1642/21 1575/1628/21 1580/1638/21
f 1579/1643/21 1581/1634/21 1584/1622/21 1576/1642/21
f 1576/1642/21 1584/1622/21 1582/1621/21 1577/1629/21
f 1569/1633/92 1573/1619/88 1584/1622/90 1581/1634/93
f 1566/1637/21 1570/1632/21 1583/1635/21 1578/1641/21
f 1585/1644/23 1586/1645/23 1587/1646/23
f 1588/1647/24 1589/1648/25 1590/1649/26
f 1591/1650/27 1592/1651/27 1593/1652/27
f 1594/1653/28 1595/1654/29 1596/1655/30
f 1597/1656/31 1598/1657/31 1599/1658/31
f 1600/1659/32 1601/1660/33 1602/1661/34
f 1603/1662/35 1604/1663/35 1605/1664/35
f 1606/1665/36 1607/1666/37 1608/1667/38
f 1591/1650/39 1585/1644/39 1587/1646/39 1592/1651/39
f 1586/1645/40 1588/1647/40 1590/1649/40 1587/1646/40
f 1589/1648/25 1594/1653/28 1596/1655/30 1590/1649/26
f 1595/1654/41 1593/1652/41 1592/1651/41 1596/1655/41
f 1603/1662/42 1591/1650/42 1593/1652/42 1604/1663/42
f 1594/1653/28 1606/1665/36 1608/1667/38 1595/1654/29
f 1607/1666/43 1605/1664/43 1604/1663/43 1608/1667/43
f 1597/1656/44 1603/1662/44 1605/1664/44 1598/1657/44
f 1606/1665/36 1600/1659/32 1602/1661/34 1607/1666/37
f 1601/1660/45 1599/1658/45 1598/1657/45 1602/1661/45
f 1585/1644/46 1597/1656/46 1599/1658/46 1586/1645/46
f 1600/1659/32 1589/1648/25 1588/1647/24 1601/1660/33
f 1587/1646/47 1590/1649/47 1596/1655/47 1592/1651/47
f 1599/1658/48 1601/1660/48 1588/1647/48 1586/1645/48
f 1606/1665/21 1594/1653/21 1589/1648/21 1600/1659/21
f 1593/1652/49 1595/1654/49 1608/1667/49 1604/1663/49
f 1605/1664/50 1607/1666/50 1602/1661/50 1598/1657/50
f 1609/1668/23 1610/1669/23 1611/1670/23
f 1612/1671/24 1613/1672/25 1614/1673/26
f 1615/1674/27 1616/1675/27 1617/1676/27
f 1618/1677/28 1619/1678/29 1620/1679/30
f 1621/1680/31 1622/1681/31 1623/1682/31
f 1624/1683/32 1625/1684/33 1626/1685/34
f 1627/1686/35 1628/1687/35 1629/1688/35
f 1630/1689/36 1631/1690/37 1632/1691/38
f 1615/1674/39 1609/1668/39 1611/1670/39 1616/1675/39
f 1610/1669/40 1612/1671/40 1614/1673/40 1611/1670/40
f 1613/1672/25 1618/1677/28 1620/1679/30 1614/1673/26
f 1619/1678/41 1617/1676/41 1616/1675/41 1620/1679/41
f 1627/1686/42 1615/1674/42 1617/1676/42 1628/1687/42
f 1618/1677/28 1630/1689/36 1632/1691/38 1619/1678/29
f 1631/1690/43 1629/1688/43 1628/1687/43 1632/1691/43
f 1621/1680/44 1627/1686/44 1629/1688/44 1622/1681/44
f 1630/1689/36 1624/1683/32 1626/1685/34 1631/1690/37
f 1625/1684/45 1623/1682/45 1622/1681/45 1626/1685/45
f 1609/1668/46 1621/1680/46 1623/1682/46 1610/1669/46
f 1624/1683/32 1613/1672/25 1612/1671/24 1625/1684/33
f 1611/1670/47 1614/1673/47 1620/1679/47 1616/1675/47
f 1623/1682/48 1625/1684/48 1612/1671/48 1610/1669/48
f 1630/1689/21 1618/1677/21 1613/1672/21 1624/1683/21
f 1617/1676/49 1619/1678/49 1632/1691/49 1628/1687/49
f 1629/1688/50 1631/1690/50 1626/1685/50 1622/1681/50
f 1633/1692/23 1634/1693/23 1635/1694/23
f 1636/1695/24 1637/1696/25 1638/1697/26
f 1639/1698/27 1640/1699/27 1641/1700/27
f 1642/1701/28 1643/1702/29 1644/1703/30
f 1645/1704/31 1646/1705/31 1647/1706/31
f 1648/1707/32 1649/1708/33 1650/1709/34
f 1651/1710/35 1652/1711/35 1653/1712/35
f 1654/1713/36 1655/1714/37 1656/1715/38
f 1639/1698/39 1633/1692/39 1635/1694/39 1640/1699/39
f 1634/1693/40 1636/1695/40 1638/1697/40 1635/1694/40
f 1637/1696/25 1642/1701/28 1644/1703/30 1638/1697/26
f 1643/1702/41 1641/1700/41 1640/1699/41 1644/1703/41
f 1651/1710/42 1639/1698/42 1641/1700/42 1652/1711/42
f 1642/1701/28 1654/1713/36 1656/1715/38 1643/1702/29
f 1655/1714/43 1653/1712/43 1652/1711/43 1656/1715/43
f 1645/1704/44 1651/1710/44 1653/1712/44 1646/1705/44
f 1654/1713/36 1648/1707/32 1650/1709/34 1655/1714/37
f 1649/1708/45 1647/1706/45 1646/1705/45 1650/1709/45
f 1633/1692/46 1645/1704/46 1647/1706/46 1634/1693/46
f 1648/1707/32 1637/1696/25 1636/1695/24 1649/1708/33
f 1635/1694/47 1638/1697/47 1644/1703/47 1640/1699/47
f 1647/1706/48 1649/1708/48 1636/1695/48 1634/1693/48
f 1654/1713/21 1642/1701/21 1637/1696/21 1648/1707/21
f 1641/1700/49 1643/1702/49 1656/1715/49 1652/1711/49
f 1653/1712/50 1655/1714/50 1650/1709/50 1646/1705/50
f 1657/1716/23 1658/1717/23 1659/1718/23
f 1660/1719/24 1661/1720/25 1662/1721/26
f 1663/1722/27 1664/1723/27 1665/1724/27
f 1666/1725/28 1667/1726/29 1668/1727/30
f 1669/1728/31 1670/1729/31 1671/1730/31
f 1672/1731/32 1673/1732/33 1674/1733/34
f 1675/1734/35 1676/1735/35 1677/1736/35
f 1678/1737/36 1679/1738/37 1680/1739/38
f 1663/1722/39 1657/1716/39 1659/1718/39 1664/1723/39
f 1658/1717/40 1660/1719/40 1662/1721/40 1659/1718/40
f 1661/1720/25 1666/1725/28 1668/1727/30 1662/1721/26
f 1667/1726/41 1665/1724/41 1664/1723/41 1668/1727/41
f 1675/1734/42 1663/1722/42 1665/1724/42 1676/1735/42
f 1666/1725/28 1678/1737/36 1680/1739/38 1667/1726/29
f 1679/1738/43 1677/1736/43 1676/1735/43 1680/1739/43
f 1669/1728/44 1675/1734/44 1677/1736/44 1670/1729/44
f 1678/1737/36 1672/1731/32 1674/1733/34 1679/1738/37
f 1673/1732/45 1671/1730/45 1670/1729/45 1674/1733/45
f 1657/1716/46 1669/1728/46 1671/1730/46 1658/1717/46
f 1672/1731/32 1661/1720/25 1660/1719/24 1673/1732/33
f 1659/1718/47 1662/1721/47 1668/1727/47 1664/1723/47
f 1671/1730/48 1673/1732/48 1660/1719/48 1658/1717/48
f 1678/1737/21 1666/1725/21 1661/1720/21 1672/1731/21
f 1665/1724/49 1667/1726/49 1680/1739/49 1676/1735/49
f 1677/1736/50 1679/1738/50 1674/1733/50 1670/1729/50
f 1681/1740/23 1682/1741/23 1683/1742/23
f 1684/1743/24 1685/1744/25 1686/1745/26
f 1687/1746/27 1688/1747/27 1689/1748/27
f 1690/1749/28 1691/1750/29 1692/1751/30
f 1693/1752/31 1694/1753/31 1695/1754/31
f 1696/1755/32 1697/1756/33 1698/1757/34
f 1699/1758/35 1700/1759/35 1701/1760/35
f 1702/1761/36 1703/1762/37 1704/1763/38
f 1687/1746/39 1681/1740/39 1683/1742/39 1688/1747/39
f 1682/1741/40 1684/1743/40 1686/1745/40 1683/1742/40
f 1685/1744/25 1690/1749/28 1692/1751/30 1686/1745/26
f 1691/1750/41 1689/1748/41 1688/1747/41 1692/1751/41
f 1699/1758/42 1687/1746/42 1689/1748/42 1700/1759/42
f 1690/1749/28 1702/1761/36 1704/1763/38 1691/1750/29
f 1703/1762/43 1701/1760/43 1700/1759/43 1704/1763/43
f 1693/1752/44 1699/1758/44 1701/1760/44 1694/1753/44
f 1702/1761/36 1696/1755/32 1698/1757/34 1703/1762/37
f 1697/1756/45 1695/1754/45 1694/1753/45 1698/1757/45
f 1681/1740/46 1693/1752/46 1695/1754/46 1682/1741/46
f 1696/1755/32 1685/1744/25 1684/1743/24 1697/1756/33
f 1683/1742/47 1686/1745/47 1692/1751/47 1688/1747/47
f 1695/1754/48 1697/1756/48 1684/1743/48 1682/1741/48
f 1702/1761/21 1690/1749/21 1685/1744/21 1696/1755/21
f 1689/1748/49 1691/1750/49 1704/1763/49 1700/1759/49
f 1701/1760/50 1703/1762/50 1698/1757/50 1694/1753/50
f 1705/1764/23 1706/1765/23 1707/1766/23
f 1708/1767/24 1709/1768/25 1710/1769/26
f 1711/1770/27 1712/1771/27 1713/1772/27
f 1714/1773/28 1715/1774/29 1716/1775/30
f 1717/1776/31 1718/1777/31 1719/1778/31
f 1720/1779/32 1721/1780/33 1722/1781/34
f 1723/1782/35 1724/1783/35 1725/1784/35
f 1726/1785/36 1727/1786/37 1728/1787/38
f 1711/1770/39 1705/1764/39 1707/1766/39 1712/1771/39
f 1706/1765/40 1708/1767/40 1710/1769/40 1707/1766/40
f 1709/1768/25 1714/1773/28 1716/1775/30 1710/1769/26
f 1715/1774/41 1713/1772/41 1712/1771/41 1716/1775/41
f 1723/1782/42 1711/1770/42 1713/1772/42 1724/1783/42
f 1714/1773/28 1726/1785/36 1728/1787/38 1715/1774/29
f 1727/1786/43 1725/1784/43 1724/1783/43 1728/1787/43
f 1717/1776/44 1723/1782/44 1725/1784/44 1718/1777/44
f 1726/1785/36 1720/1779/32 1722/1781/34 1727/1786/37
f 1721/1780/45 1719/1778/45 1718/1777/45 1722/1781/45
f 1705/1764/46 1717/1776/46 1719/1778/46 1706/1765/46
f 1720/1779/32 1709/1768/25 1708/1767/24 1721/1780/33
f 1707/1766/47 1710/1769/47 1716/1775/47 1712/1771/47
f 1719/1778/48 1721/1780/48 1708/1767/48 1706/1765/48
f 1726/1785/21 1714/1773/21 1709/1768/21 1720/1779/21
f 1713/1772/49 1715/1774/49 1728/1787/49 1724/1783/49
f 1725/1784/50 1727/1786/50 1722/1781/50 1718/1777/50
f 1729/1788/23 1730/1789/23 1731/1790/23
f 1732/1791/24 1733/1792/25 1734/1793/26
f 1735/1794/27 1736/1795/27 1737/1796/27
f 1738/1797/28 1739/1798/29 1740/1799/30
f 1741/1800/31 1742/1801/31 1743/1802/31
f 1744/1803/32 1745/1804/33 1746/1805/34
f 1747/1806/35 1748/1807/35 1749/1808/35
f 1750/1809/36 1751/1810/37 1752/1811/38
f 1735/1794/39 1729/1788/39 1731/1790/39 1736/1795/39
f 1730/1789/40 1732/1791/40 1734/1793/40 1731/1790/40
f 1733/1792/25 1738/1797/28 1740/1799/30 1734/1793/26
f 1739/1798/41 1737/1796/41 1736/1795/41 1740/1799/41
f 1747/1806/42 1735/1794/42 1737/1796/42 1748/1807/42
f 1738/1797/28 1750/1809/36 1752/1811/38 1739/1798/29
f 1751/1810/43 1749/1808/43 1748/1807/43 1752/1811/43
f 1741/1800/44 1747/1806/44 1749/1808/44 1742/1801/44
f 1750/1809/36 1744/1803/32 1746/1805/34 1751/1810/37
f 1745/1804/45 1743/1802/45 1742/1801/45 1746/1805/45
f 1729/1788/46 1741/1800/46 1743/1802/46 1730/1789/46
f 1744/1803/32 1733/1792/25 1732/1791/24 1745/1804/33
f 1731/1790/47 1734/1793/47 1740/1799/47 1736/1795/47
f 1743/1802/48 1745/1804/48 1732/1791/48 1730/1789/48
f 1750/1809/21 1738/1797/21 1733/1792/21 1744/1803/21
f 1737/1796/49 1739/1798/49 1752/1811/49 1748/1807/49
f 1749/1808/50 1751/1810/50 1746/1805/50 1742/1801/50
f 1753/1812/23 1754/1813/23 1755/1814/23
f 1756/1815/24 1757/1816/25 1758/1817/26
f 1759/1818/27 1760/1819/27 1761/1820/27
f 1762/1821/28 1763/1822/29 1764/1823/30
f 1765/1824/31 1766/1825/31 1767/1826/31
f 1768/1827/32 1769/1828/33 1770/1829/34
f 1771/1830/35 1772/1831/35 1773/1832/35
f 1774/1833/36 1775/1834/37 1776/1835/38
f 1759/1818/39 1753/1812/39 1755/1814/39 1760/1819/39
f 1754/1813/40 1756/1815/40 1758/1817/40 1755/1814/40
f 1757/1816/25 1762/1821/28 1764/1823/30 1758/1817/26
f 1763/1822/41 1761/1820/41 1760/1819/41 1764/1823/41
f 1771/1830/42 1759/1818/42 1761/1820/42 1772/1831/42
f 1762/1821/28 1774/1833/36 1776/1835/38 1763/1822/29
f 1775/1834/43 1773/1832/43 1772/1831/43 1776/1835/43
f 1765/1824/44 1771/1830/44 1773/1832/44 1766/1825/44
f 1774/1833/36 1768/1827/32 1770/1829/34 1775/1834/37
f 1769/1828/45 1767/1826/45 1766/1825/45 1770/1829/45
f 1753/1812/46 1765/1824/46 1767/1826/46 1754/1813/46
f 1768/1827/32 1757/1816/25 1756/1815/24 1769/1828/33
f 1755/1814/47 1758/1817/47 1764/1823/47 1760/1819/47
f 1767/1826/48 1769/1828/48 1756/1815/48 1754/1813/48
f 1774/1833/21 1762/1821/21 1757/1816/21 1768/1827/21
f 1761/1820/49 1763/1822/49 1776/1835/49 1772/1831/49
f 1773/1832/50 1775/1834/50 1770/1829/50 1766/1825/50
f 1777/1836/23 1778/1837/23 1779/1838/23
f 1780/1839/24 1781/1840/25 1782/1841/26
f 1783/1842/27 1784/1843/27 1785/1844/27
f 1786/1845/28 1787/1846/29 1788/1847/30
f 1789/1848/31 1790/1849/31 1791/1850/31
f 1792/1851/32 1793/1852/33 1794/1853/34
f 1795/1854/35 1796/1855/35 1797/1856/35
f 1798/1857/36 1799/1858/37 1800/1859/38
f 1783/1842/39 1777/1836/39 1779/1838/39 1784/1843/39
f 1778/1837/40 1780/1839/40 1782/1841/40 1779/1838/40
f 1781/1840/25 1786/1845/28 1788/1847/30 1782/1841/26
f 1787/1846/41 1785/1844/41 1784/1843/41 1788/1847/41
f 1795/1854/42 1783/1842/42 1785/1844/42 1796/1855/42
f 1786/1845/28 1798/1857/36 1800/1859/38 1787/1846/29
f 1799/1858/43 1797/1856/43 1796/1855/43 1800/1859/43
f 1789/1848/44 1795/1854/44 1797/1856/44 1790/1849/44
f 1798/1857/36 1792/1851/32 1794/1853/34 1799/1858/37
f 1793/1852/45 1791/1850/45 1790/1849/45 1794/1853/45
f 1777/1836/46 1789/1848/46 1791/1850/46 1778/1837/46
f 1792/1851/32 1781/1840/25 1780/1839/24 1793/1852/33
f 1779/1838/47 1782/1841/47 1788/1847/47 1784/1843/47
f 1791/1850/48 1793/1852/48 1780/1839/48 1778/1837/48
f 1798/1857/21 1786/1845/21 1781/1840/21 1792/1851/21
f 1785/1844/49 1787/1846/49 1800/1859/49 1796/1855/49
f 1797/1856/50 1799/1858/50 1794/1853/50 1790/1849/50
f 1801/1860/23 1802/1861/23 1803/1862/23
f 1804/1863/24 1805/1864/25 1806/1865/26
f 1807/1866/27 1808/1867/27 1809/1868/27
f 1810/1869/28 1811/1870/29 1812/1871/30
f 1813/1872/31 1814/1873/31 1815/1874/31
f 1816/1875/32 1817/1876/33 1818/1877/34
f 1819/1878/35 1820/1879/35 1821/1880/35
f 1822/1881/36 1823/1882/37 1824/1883/38
f 1807/1866/39 1801/1860/39 1803/1862/39 1808/1867/39
f 1802/1861/40 1804/1863/40 1806/1865/40 1803/1862/40
f 1805/1864/25 1810/1869/28 1812/1871/30 1806/1865/26
f 1811/1870/41 1809/1868/41 1808/1867/41 1812/1871/41
f 1819/1878/42 1807/1866/42 1809/1868/42 1820/1879/42
f 1810/1869/28 1822/1881/36 1824/1883/38 1811/1870/29
f 1823/1882/43 1821/1880/43 1820/1879/43 1824/1883/43
f 1813/1872/44 1819/1878/44 1821/1880/44 1814/1873/44
f 1822/1881/36 1816/1875/32 1818/1877/34 1823/1882/37
f 1817/1876/45 1815/1874/45 1814/1873/45 1818/1877/45
f 1801/1860/46 1813/1872/46 1815/1874/46 1802/1861/46
f 1816/1875/32 1805/1864/25 1804/1863/24 1817/1876/33
f 1803/1862/47 1806/1865/47 1812/1871/47 1808/1867/47
f 1815/1874/48 1817/1876/48 1804/1863/48 1802/1861/48
f 1822/1881/21 1810/1869/21 1805/1864/21 1816/1875/21
f 1809/1868/49 1811/1870/49 1824/1883/49 1820/1879/49
f 1821/1880/50 1823/1882/50 1818/1877/50 1814/1873/50
f 1825/1884/23 1826/1885/23 1827/1886/23
f 1828/1887/24 1829/1888/25 1830/1889/26
f 1831/1890/27 1832/1891/27 1833/1892/27
f 1834/1893/28 1835/1894/29 1836/1895/30
f 1837/1896/31 1838/1897/31 1839/1898/31
f 1840/1899/32 1841/1900/33 1842/1901/34
f 1843/1902/35 1844/1903/35 1845/1904/35
f 1846/1905/36 1847/1906/37 1848/1907/38
f 1831/1890/39 1825/1884/39 1827/1886/39 1832/1891/39
f 1826/1885/40 1828/1887/40 1830/1889/40 1827/1886/40
f 1829/1888/25 1834/1893/28 1836/1895/30 1830/1889/26
f 1835/1894/41 1833/1892/41 1832/1891/41 1836/1895/41
f 1843/1902/42 1831/1890/42 1833/1892/42 1844/1903/42
f 1834/1893/28 1846/1905/36 1848/1907/38 1835/1894/29
f 1847/1906/43 1845/1904/43 1844/1903/43 1848/1907/43
f 1837/1896/44 1843/1902/44 1845/1904/44 1838/1897/44
f 1846/1905/36 1840/1899/32 1842/1901/34 1847/1906/37
f 1841/1900/45 1839/1898/45 1838/1897/45 1842/1901/45
f 1825/1884/46 1837/1896/46 1839/1898/46 1826/1885/46
f 1840/1899/32 1829/1888/25 1828/1887/24 1841/1900/33
f 1827/1886/47 1830/1889/47 1836/1895/47 1832/1891/47
f 1839/1898/48 1841/1900/48 1828/1887/48 1826/1885/48
f 1846/1905/21 1834/1893/21 1829/1888/21 1840/1899/21
f 1833/1892/49 1835/1894/49 1848/1907/49 1844/1903/49
f 1845/1904/50 1847/1906/50 1842/1901/50 1838/1897/50
f 1849/1908/23 1850/1909/23 1851/1910/23
f 1852/1911/24 1853/1912/25 1854/1913/26
f 1855/1914/27 1856/1915/27 1857/1916/27
f 1858/1917/28 1859/1918/29 1860/1919/30
f 1861/1920/31 1862/1921/31 1863/1922/31
f 1864/1923/32 1865/1924/33 1866/1925/34
f 1867/1926/35 1868/1927/35 1869/1928/35
f 1870/1929/36 1871/1930/37 1872/1931/38
f 1855/1914/39 1849/1908/39 1851/1910/39 1856/1915/39
f 1850/1909/40 1852/1911/40 1854/1913/40 1851/1910/40
f 1853/1912/25 1858/1917/28 1860/1919/30 1854/1913/26
f 1859/1918/41 1857/1916/41 1856/1915/41 1860/1919/41
f 1867/1926/42 1855/1914/42 1857/1916/42 1868/1927/42
f 1858/1917/28 1870/1929/36 1872/1931/38 1859/1918/29
f 1871/1930/43 1869/1928/43 1868/1927/43 1872/1931/43
f 1861/1920/44 1867/1926/44 1869/1928/44 1862/1921/44
f 1870/1929/36 1864/1923/32 1866/1925/34 1871/1930/37
f 1865/1924/45 1863/1922/45 1862/1921/45 1866/1925/45
f 1849/1908/46 1861/1920/46 1863/1922/46 1850/1909/46
f 1864/1923/32 1853/1912/25 1852/1911/24 1865/1924/33
f 1851/1910/47 1854/1913/47 1860/1919/47 1856/1915/47
f 1863/1922/48 1865/1924/48 1852/1911/48 1850/1909/48
f 1870/1929/21 1858/1917/21 1853/1912/21 1864/1923/21
f 1857/1916/49 1859/1918/49 1872/1931/49 1868/1927/49
f 1869/1928/50 1871/1930/50 1866/1925/50 1862/1921/50
f 1873/1932/23 1874/1933/23 1875/1934/23
f 1876/1935/24 1877/1936/25 1878/1937/26
f 1879/1938/27 1880/1939/27 1881/1940/27
f 1882/1941/28 1883/1942/29 1884/1943/30
f 1885/1944/31 1886/1945/31 1887/1946/31
f 1888/1947/32 1889/1948/33 1890/1949/34
f 1891/1950/35 1892/1951/35 1893/1952/35
f 1894/1953/36 1895/1954/37 1896/1955/38
f 1879/1938/39 1873/1932/39 1875/1934/39 1880/1939/39
f 1874/1933/40 1876/1935/40 1878/1937/40 1875/1934/40
f 1877/1936/25 1882/1941/28 1884/1943/30 1878/1937/26
f 1883/1942/41 1881/1940/41 1880/1939/41 1884/1943/41
f 1891/1950/42 1879/1938/42 1881/1940/42 1892/1951/42
f 1882/1941/28 1894/1953/36 1896/1955/38 1883/1942/29
f 1895/1954/43 1893/1952/43 1892/1951/43 1896/1955/43
f 1885/1944/44 1891/1950/44 1893/1952/44 1886/1945/44
f 1894/1953/36 1888/1947/32 1890/1949/34 1895/1954/37
f 1889/1948/45 1887/1946/45 1886/1945/45 1890/1949/45
f 1873/1932/46 1885/1944/46 1887/1946/46 1874/1933/46
f 1888/1947/32 1877/1936/25 1876/1935/24 1889/1948/33
f 1875/1934/47 1878/1937/47 1884/1943/47 1880/1939/47
f 1887/1946/48 1889/1948/48 1876/1935/48 1874/1933/48
f 1894/1953/21 1882/1941/21 1877/1936/21 1888/1947/21
f 1881/1940/49 1883/1942/49 1896/1955/49 1892/1951/49
f 1893/1952/50 1895/1954/50 1890/1949/50 1886/1945/50
f 1897/1956/23 1898/1957/23 1899/1958/23
f 1900/1959/24 1901/1960/25 1902/1961/26
f 1903/1962/27 1904/1963/27 1905/1964/27
f 1906/1965/28 1907/1966/29 1908/1967/30
f 1909/1968/31 1910/1969/31 1911/1970/31
f 1912/1971/32 1913/1972/33 1914/1973/34
f 1915/1974/35 1916/1975/35 1917/1976/35
f 1918/1977/36 1919/1978/37 1920/1979/38
f 1903/1962/39 1897/1956/39 1899/1958/39 1904/1963/39
f 1898/1957/40 1900/1959/40 1902/1961/40 1899/1958/40
f 1901/1960/25 1906/1965/28 1908/1967/30 1902/1961/26
f 1907/1966/41 1905/1964/41 1904/1963/41 1908/1967/41
f 1915/1974/42 1903/1962/42 1905/1964/42 1916/1975/42
f 1906/1965/28 1918/1977/36 1920/1979/38 1907/1966/29
f 1919/1978/43 1917/1976/43 1916/1975/43 1920/1979/43
f 1909/1968/44 1915/1974/44 1917/1976/44 1910/1969/44
f 1918/1977/36 1912/1971/32 1914/1973/34 1919/1978/37
f 1913/1972/45 1911/1970/45 1910/1969/45 1914/1973/45
f 1897/1956/46 1909/1968/46 1911/1970/46 1898/1957/46
f 1912/1971/32 1901/1960/25 1900/1959/24 1913/1972/33
f 1899/1958/47 1902/1961/47 1908/1967/47 1904/1963/47
f 1911/1970/48 1913/1972/48 1900/1959/48 1898/1957/48
f 1918/1977/21 1906/1965/21 1901/1960/21 1912/1971/21
f 1905/1964/49 1907/1966/49 1920/1979/49 1916/1975/49
f 1917/1976/50 1919/1978/50 1914/1973/50 1910/1969/50
f 1921/1980/23 1922/1981/23 1923/1982/23
f 1924/1983/24 1925/1984/25 1926/1985/26
f 1927/1986/27 1928/1987/27 1929/1988/27
f 1930/1989/28 1931/1990/29 1932/1991/30
f 1933/1992/31 1934/1993/31 1935/1994/31
f 1936/1995/32 1937/1996/33 1938/1997/34
f 1939/1998/35 1940/1999/35 1941/2000/35
f 1942/2001/36 1943/2002/37 1944/2003/38
f 1927/1986/39 1921/1980/39 1923/1982/39 1928/1987/39
f 1922/1981/40 1924/1983/40 1926/1985/40 1923/1982/40
f 1925/1984/25 1930/1989/28 1932/1991/30 1926/1985/26
f 1931/1990/41 1929/1988/41 1928/1987/41 1932/1991/41
f 1939/1998/42 1927/1986/42 1929/1988/42 1940/1999/42
f 1930/1989/28 1942/2001/36 1944/2003/38 1931/1990/29
f 1943/2002/43 1941/2000/43 1940/1999/43 1944/2003/43
f 1933/1992/44 1939/1998/44 1941/2000/44 1934/1993/44
f 1942/2001/36 1936/1995/32 1938/1997/34 1943/2002/37
f 1937/1996/45 1935/1994/45 1934/1993/45 1938/1997/45
f 1921/1980/46 1933/1992/46 1935/1994/46 1922/1981/46
f 1936/1995/32 1925/1984/25 1924/1983/24 1937/1996/33
f 1923/1982/47 1926/1985/47 1932/1991/47 1928/1987/47
f 1935/1994/48 1937/1996/48 1924/1983/48 1922/1981/48
f 1942/2001/21 1930/1989/21 1925/1984/21 1936/1995/21
f 1929/1988/49 1931/1990/49 1944/2003/49 1940/1999/49
f 1941/2000/50 1943/2002/50 1938/1997/50 1934/1993/50
f 1945/2004/23 1946/2005/23 1947/2006/23
f 1948/2007/24 1949/2008/25 1950/2009/26
f 1951/2010/27 1952/2011/27 1953/2012/27
f 1954/2013/28 1955/2014/29 1956/2015/30
f 1957/2016/31 1958/2017/31 1959/2018/31
f 1960/2019/32 1961/2020/33 1962/2021/34
f 1963/2022/35 1964/2023/35 1965/2024/35
f 1966/2025/36 1967/2026/37 1968/2027/38
f 1951/2010/39 1945/2004/39 1947/2006/39 1952/2011/39
f 1946/2005/40 1948/2007/40 1950/2009/40 1947/2006/40
f 1949/2008/25 1954/2013/28 1956/2015/30 1950/2009/26
f 1955/2014/41 1953/2012/41 1952/2011/41 1956/2015/41
f 1963/2022/42 1951/2010/42 1953/2012/42 1964/2023/42
f 1954/2013/28 1966/2025/36 1968/2027/38 1955/2014/29
f 1967/2026/43 1965/2024/43 1964/2023/43 1968/2027/43
f 1957/2016/44 1963/2022/44 1965/2024/44 1958/2017/44
f 1966/2025/36 1960/2019/32 1962/2021/34 1967/2026/37
f 1961/2020/45 1959/2018/45 1958/2017/45 1962/2021/45
f 1945/2004/46 1957/2016/46 1959/2018/46 1946/2005/46
f 1960/2019/32 1949/2008/25 1948/2007/24 1961/2020/33
f 1947/2006/47 1950/2009/47 1956/2015/47 1952/2011/47
f 1959/2018/48 1961/2020/48 1948/2007/48 1946/2005/48
f 1966/2025/21 1954/2013/21 1949/2008/21 1960/2019/21
f 1953/2012/49 1955/2014/49 1968/2027/49 1964/2023/49
f 1965/2024/50 1967/2026/50 1962/2021/50 1958/2017/50
f 1969/2028/23 1970/2029/23 1971/2030/23
f 1972/2031/24 1973/2032/25 1974/2033/26
f 1975/2034/27 1976/2035/27 1977/2036/27
f 1978/2037/28 1979/2038/29 1980/2039/30
f 1981/2040/31 1982/2041/31 1983/2042/31
f 1984/2043/32 1985/2044/33 1986/2045/34
f 1987/2046/35 1988/2047/35 1989/2048/35
f 1990/2049/36 1991/2050/37 1992/2051/38
f 1975/2034/39 1969/2028/39 1971/2030/39 1976/2035/39
f 1970/2029/40 1972/2031/40 1974/2033/40 1971/2030/40
f 1973/2032/25 1978/2037/28 1980/2039/30 1974/2033/26
f 1979/2038/41 1977/2036/41 1976/2035/41 1980/2039/41
f 1987/2046/42 1975/2034/42 1977/2036/42 1988/2047/42
f 1978/2037/28 1990/2049/36 1992/2051/38 1979/2038/29
f 1991/2050/43 1989/2048/43 1988/2047/43 1992/2051/43
f 1981/2040/44 1987/2046/44 1989/2048/44 1982/2041/44
f 1990/2049/36 1984/2043/32 1986/2045/34 1991/2050/37
f 1985/2044/45 1983/2042/45 1982/2041/45 1986/2045/45
f 1969/2028/46 1981/2040/46 1983/2042/46 1970/2029/46
f 1984/2043/32 1973/2032/25 1972/2031/24 1985/2044/33
f 1971/2030/47 1974/2033/47 1980/2039/47 1976/2035/47
f 1983/2042/48 1985/2044/48 1972/2031/48 1970/2029/48
f 1990/2049/21 1978/2037/21 1973/2032/21 1984/2043/21
f 1977/2036/49 1979/2038/49 1992/2051/49 1988/2047/49
f 1989/2048/50 1991/2050/50 1986/2045/50 1982/2041/50
f 1993/2052/23 1994/2053/23 1995/2054/23
f 1996/2055/24 1997/2056/25 1998/2057/26
f 1999/2058/27 2000/2059/27 2001/2060/27
f 2002/2061/28 2003/2062/29 2004/2063/30
f 2005/2064/31 2006/2065/31 2007/2066/31
f 2008/2067/32 2009/2068/33 2010/2069/34
f 2011/2070/35 2012/2071/35 2013/2072/35
f 2014/2073/36 2015/2074/37 2016/2075/38
f 1999/2058/39 1993/2052/39 1995/2054/39 2000/2059/39
f 1994/2053/40 1996/2055/40 1998/2057/40 1995/2054/40
f 1997/2056/25 2002/2061/28 2004/2063/30 1998/2057/26
f 2003/2062/41 2001/2060/41 2000/2059/41 2004/2063/41
f 2011/2070/42 1999/2058/42 2001/2060/42 2012/2071/42
f 2002/2061/28 2014/2073/36 2016/2075/38 2003/2062/29
f 2015/2074/43 2013/2072/43 2012/2071/43 2016/2075/43
f 2005/2064/44 2011/2070/44 2013/2072/44 2006/2065/44
f 2014/2073/36 2008/2067/32 2010/2069/34 2015/2074/37
f 2009/2068/45 2007/2066/45 2006/2065/45 2010/2069/45
f 1993/2052/46 2005/2064/46 2007/2066/46 1994/2053/46
f 2008/2067/32 1997/2056/25 1996/2055/24 2009/2068/33
f 1995/2054/47 1998/2057/47 2004/2063/47 2000/2059/47
f 2007/2066/48 2009/2068/48 1996/2055/48 1994/2053/48
f 2014/2073/21 2002/2061/21 1997/2056/21 2008/2067/21
f 2001/2060/49 2003/2062/49 2016/2075/49 2012/2071/49
f 2013/2072/50 2015/2074/50 2010/2069/50 2006/2065/50
f 2017/2076/23 2018/2077/23 2019/2078/23
f 2020/2079/24 2021/2080/25 2022/2081/26
f 2023/2082/27 2024/2083/27 2025/2084/27
f 2026/2085/28 2027/2086/29 2028/2087/30
f 2029/2088/31 2030/2089/31 2031/2090/31
f 2032/2091/32 2033/2092/33 2034/2093/34
f 2035/2094/35 2036/2095/35 2037/2096/35
f 2038/2097/36 2039/2098/37 2040/2099/38
f 2023/2082/39 2017/2076/39 2019/2078/39 2024/2083/39
f 2018/2077/40 2020/2079/40 2022/2081/40 2019/2078/40
f 2021/2080/25 2026/2085/28 2028/2087/30 2022/2081/26
f 2027/2086/41 2025/2084/41 2024/2083/41 2028/2087/41
f 2035/2094/42 2023/2082/42 2025/2084/42 2036/2095/42
f 2026/2085/28 2038/2097/36 2040/2099/38 2027/2086/29
f 2039/2098/43 2037/2096/43 2036/2095/43 2040/2099/43
f 2029/2088/44 2035/2094/44 2037/2096/44 2030/2089/44
f 2038/2097/36 2032/2091/32 2034/2093/34 2039/2098/37
f 2033/2092/45 2031/2090/45 2030/2089/45 2034/2093/45
f 2017/2076/46 2029/2088/46 2031/2090/46 2018/2077/46
f 2032/2091/32 2021/2080/25 2020/2079/24 2033/2092/33
f 2019/2078/47 2022/2081/47 2028/2087/47 2024/2083/47
f 2031/2090/48 2033/2092/48 2020/2079/48 2018/2077/48
f 2038/2097/21 2026/2085/21 2021/2080/21 2032/2091/21
f 2025/2084/49 2027/2086/49 2040/2099/49 2036/2095/49
f 2037/2096/50 2039/2098/50 2034/2093/50 2030/2089/50
f 2041/2100/23 2042/2101/23 2043/2102/23
f 2044/2103/24 2045/2104/25 2046/2105/26
f 2047/2106/27 2048/2107/27 2049/2108/27
f 2050/2109/28 2051/2110/29 2052/2111/30
f 2053/2112/31 2054/2113/31 2055/2114/31
f 2056/2115/32 2057/2116/33 2058/2117/34
f 2059/2118/35 2060/2119/35 2061/2120/35
f 2062/2121/36 2063/2122/37 2064/2123/38
f 2047/2106/39 2041/2100/39 2043/2102/39 2048/2107/39
f 2042/2101/40 2044/2103/40 2046/2105/40 2043/2102/40
f 2045/2104/25 2050/2109/28 2052/2111/30 2046/2105/26
f 2051/2110/41 2049/2108/41 2048/2107/41 2052/2111/41
f 2059/2118/42 2047/2106/42 2049/2108/42 2060/2119/42
f 2050/2109/28 2062/2121/36 2064/2123/38 2051/2110/29
f 2063/2122/43 2061/2120/43 2060/2119/43 2064/2123/43
f 2053/2112/44 2059/2118/44 2061/2120/44 2054/2113/44
f 2062/2121/36 2056/2115/32 2058/2117/34 2063/2122/37
f 2057/2116/45 2055/2114/45 2054/2113/45 2058/2117/45
f 2041/2100/46 2053/2112/46 2055/2114/46 2042/2101/46
f 2056/2115/32 2045/2104/25 2044/2103/24 2057/2116/33
f 2043/2102/47 2046/2105/47 2052/2111/47 2048/2107/47
f 2055/2114/48 2057/2116/48 2044/2103/48 2042/2101/48
f 2062/2121/21 2050/2109/21 2045/2104/21 2056/2115/21
f 2049/2108/49 2051/2110/49 2064/2123/49 2060/2119/49
f 2061/2120/50 2063/2122/50 2058/2117/50 2054/2113/50
f 2065/2124/23 2066/2125/23 2067/2126/23
f 2068/2127/24 2069/2128/25 2070/2129/26
f 2071/2130/27 2072/2131/27 2073/2132/27
f 2074/2133/28 2075/2134/29 2076/2135/30
f 2077/2136/31 2078/2137/31 2079/2138/31
f 2080/2139/32 2081/2140/33 2082/2141/34
f 2083/2142/35 2084/2143/35 2085/2144/35
f 2086/2145/36 2087/2146/37 2088/2147/38
f 2071/2130/39 2065/2124/39 2067/2126/39 2072/2131/39
f 2066/2125/40 2068/2127/40 2070/2129/40 2067/2126/40
f 2069/2128/25 2074/2133/28 2076/2135/30 2070/2129/26
f 2075/2134/41 2073/2132/41 2072/2131/41 2076/2135/41
f 2083/2142/42 2071/2130/42 2073/2132/42 2084/2143/42
f 2074/2133/28 2086/2145/36 2088/2147/38 2075/2134/29
f 2087/2146/43 2085/2144/43 2084/2143/43 2088/2147/43
f 2077/2136/44 2083/2142/44 2085/2144/44 2078/2137/44
f 2086/2145/36 2080/2139/32 2082/2141/34 2087/2146/37
f 2081/2140/45 2079/2138/45 2078/2137/45 2082/2141/45
f 2065/2124/46 2077/2136/46 2079/2138/46 2066/2125/46
f 2080/2139/32 2069/2128/25 2068/2127/24 2081/2140/33
f 2067/2126/47 2070/2129/47 2076/2135/47 2072/2131/47
f 2079/2138/48 2081/2140/48 2068/2127/48 2066/2125/48
f 2086/2145/21 2074/2133/21 2069/2128/21 2080/2139/21
f 2073/2132/49 2075/2134/49 2088/2147/49 2084/2143/49
f 2085/2144/50 2087/2146/50 2082/2141/50 2078/2137/50
f 2089/2148/23 2090/2149/23 2091/2150/23
f 2092/2151/24 2093/2152/25 2094/2153/26
f 2095/2154/27 2096/2155/27 2097/2156/27
f 2098/2157/28 2099/2158/29 2100/2159/30
f 2101/2160/31 2102/2161/31 2103/2162/31
f 2104/2163/32 2105/2164/33 2106/2165/34
f 2107/2166/35 2108/2167/35 2109/2168/35
f 2110/2169/36 2111/2170/37 2112/2171/38
f 2095/2154/39 2089/2148/39 2091/2150/39 2096/2155/39
f 2090/2149/40 2092/2151/40 2094/2153/40 2091/2150/40
f 2093/2152/25 2098/2157/28 2100/2159/30 2094/2153/26
f 2099/2158/41 2097/2156/41 2096/2155/41 2100/2159/41
f 2107/2166/42 2095/2154/42 2097/2156/42 2108/2167/42
f 2098/2157/28 2110/2169/36 2112/2171/38 2099/2158/29
f 2111/2170/43 2109/2168/43 2108/2167/43 2112/2171/43
f 2101/2160/44 2107/2166/44 2109/2168/44 2102/2161/44
f 2110/2169/36 2104/2163/32 2106/2165/34 2111/2170/37
f 2105/2164/45 2103/2162/45 2102/2161/45 2106/2165/45
f 2089/2148/46 2101/2160/46 2103/2162/46 2090/2149/46
f 2104/2163/32 2093/2152/25 2092/2151/24 2105/2164/33
f 2091/2150/47 2094/2153/47 2100/2159/47 2096/2155/47
f 2103/2162/48 2105/2164/48 2092/2151/48 2090/2149/48
f 2110/2169/21 2098/2157/21 2093/2152/21 2104/2163/21
f 2097/2156/49 2099/2158/49 2112/2171/49 2108/2167/49
f 2109/2168/50 2111/2170/50 2106/2165/50 2102/2161/50
f 2113/2172/23 2114/2173/23 2115/2174/23
f 2116/2175/24 2117/2176/25 2118/2177/26
f 2119/2178/27 2120/2179/27 2121/2180/27
f 2122/2181/28 2123/2182/29 2124/2183/30
f 2125/2184/31 2126/2185/31 2127/2186/31
f 2128/2187/32 2129/2188/33 2130/2189/34
f 2131/2190/35 2132/2191/35 2133/2192/35
f 2134/2193/36 2135/2194/37 2136/2195/38
f 2119/2178/39 2113/2172/39 2115/2174/39 2120/2179/39
f 2114/2173/40 2116/2175/40 2118/2177/40 2115/2174/40
f 2117/2176/25 2122/2181/28 2124/2183/30 2118/2177/26
f 2123/2182/41 2121/2180/41 2120/2179/41 2124/2183/41
f 2131/2190/42 2119/2178/42 2121/2180/42 2132/2191/42
f 2122/2181/28 2134/2193/36 2136/2195/38 2123/2182/29
f 2135/2194/43 2133/2192/43 2132/2191/43 2136/2195/43
f 2125/2184/44 2131/2190/44 2133/2192/44 2126/2185/44
f 2134/2193/36 2128/2187/32 2130/2189/34 2135/2194/37
f 2129/2188/45 2127/2186/45 2126/2185/45 2130/2189/45
f 2113/2172/46 2125/2184/46 2127/2186/46 2114/2173/46
f 2128/2187/32 2117/2176/25 2116/2175/24 2129/2188/33
f 2115/2174/47 2118/2177/47 2124/2183/47 2120/2179/47
f 2127/2186/48 2129/2188/48 2116/2175/48 2114/2173/48
f 2134/2193/21 2122/2181/21 2117/2176/21 2128/2187/21
f 2121/2180/49 2123/2182/49 2136/2195/49 2132/2191/49
f 2133/2192/50 2135/2194/50 2130/2189/50 2126/2185/50
f 2137/2196/23 2138/2197/23 2139/2198/23
f 2140/2199/24 2141/2200/25 2142/2201/26
f 2143/2202/27 2144/2203/27 2145/2204/27
f 2146/2205/28 2147/2206/29 2148/2207/30
f 2149/2208/31 2150/2209/31 2151/2210/31
f 2152/2211/32 2153/2212/33 2154/2213/34
f 2155/2214/35 2156/2215/35 2157/2216/35
f 2158/2217/36 2159/2218/37 2160/2219/38
f 2143/2202/39 2137/2196/39 2139/2198/39 2144/2203/39
f 2138/2197/40 2140/2199/40 2142/2201/40 2139/2198/40
f 2141/2200/25 2146/2205/28 2148/2207/30 2142/2201/26
f 2147/2206/41 2145/2204/41 2144/2203/41 2148/2207/41
f 2155/2214/42 2143/2202/42 2145/2204/42 2156/2215/42
f 2146/2205/28 2158/2217/36 2160/2219/38 2147/2206/29
f 2159/2218/43 2157/2216/43 2156/2215/43 2160/2219/43
f 2149/2208/44 2155/2214/44 2157/2216/44 2150/2209/44
f 2158/2217/36 2152/2211/32 2154/2213/34 2159/2218/37
f 2153/2212/45 2151/2210/45 2150/2209/45 2154/2213/45
f 2137/2196/46 2149/2208/46 2151/2210/46 2138/2197/46
f 2152/2211/32 2141/2200/25 2140/2199/24 2153/2212/33
f 2139/2198/47 2142/2201/47 2148/2207/47 2144/2203/47
f 2151/2210/48 2153/2212/48 2140/2199/48 2138/2197/48
f 2158/2217/21 2146/2205/21 2141/2200/21 2152/2211/21
f 2145/2204/49 2147/2206/49 2160/2219/49 2156/2215/49
f 2157/2216/50 2159/2218/50 2154/2213/50 2150/2209/50
f 2161/2220/23 2162/2221/23 2163/2222/23
f 2164/2223/24 2165/2224/25 2166/2225/26
f 2167/2226/27 2168/2227/27 2169/2228/27
f 2170/2229/28 2171/2230/29 2172/2231/30
f 2173/2232/31 2174/2233/31 2175/2234/31
f 2176/2235/32 2177/2236/33 2178/2237/34
f 2179/2238/35 2180/2239/35 2181/2240/35
f 2182/2241/36 2183/2242/37 2184/2243/38
f 2167/2226/39 2161/2220/39 2163/2222/39 2168/2227/39
f 2162/2221/40 2164/2223/40 2166/2225/40 2163/2222/40
f 2165/2224/25 2170/2229/28 2172/2231/30 2166/2225/26
f 2171/2230/41 2169/2228/41 2168/2227/41 2172/2231/41
f 2179/2238/42 2167/2226/42 2169/2228/42 2180/2239/42
f 2170/2229/28 2182/2241/36 2184/2243/38 2171/2230/29
f 2183/2242/43 2181/2240/43 2180/2239/43 2184/2243/43
f 2173/2232/44 2179/2238/44 2181/2240/44 2174/2233/44
f 2182/2241/36 2176/2235/32 2178/2237/34 2183/2242/37
f 2177/2236/45 2175/2234/45 2174/2233/45 2178/2237/45
f 2161/2220/46 2173/2232/46 2175/2234/46 2162/2221/46
f 2176/2235/32 2165/2224/25 2164/2223/24 2177/2236/33
f 2163/2222/47 2166/2225/47 2172/2231/47 2168/2227/47
f 2175/2234/48 2177/2236/48 2164/2223/48 2162/2221/48
f 2182/2241/21 2170/2229/21 2165/2224/21 2176/2235/21
f 2169/2228/49 2171/2230/49 2184/2243/49 2180/2239/49
f 2181/2240/50 2183/2242/50 2178/2237/50 2174/2233/50
f 2185/2244/23 2186/2245/23 2187/2246/23
f 2188/2247/24 2189/2248/25 2190/2249/26
f 2191/2250/27 2192/2251/27 2193/2252/27
f 2194/2253/28 2195/2254/29 2196/2255/30
f 2197/2256/31 2198/2257/31 2199/2258/31
f 2200/2259/32 2201/2260/33 2202/2261/34
f 2203/2262/35 2204/2263/35 2205/2264/35
f 2206/2265/36 2207/2266/37 2208/2267/38
f 2191/2250/39 2185/2244/39 2187/2246/39 2192/2251/39
f 2186/2245/40 2188/2247/40 2190/2249/40 2187/2246/40
f 2189/2248/25 2194/2253/28 2196/2255/30 2190/2249/26
f 2195/2254/41 2193/2252/41 2192/2251/41 2196/2255/41
f 2203/2262/42 2191/2250/42 2193/2252/42 2204/2263/42
f 2194/2253/28 2206/2265/36 2208/2267/38 2195/2254/29
f 2207/2266/43 2205/2264/43 2204/2263/43 2208/2267/43
f 2197/2256/44 2203/2262/44 2205/2264/44 2198/2257/44
f 2206/2265/36 2200/2259/32 2202/2261/34 2207/2266/37
f 2201/2260/45 2199/2258/45 2198/2257/45 2202/2261/45
f 2185/2244/46 2197/2256/46 2199/2258/46 2186/2245/46
f 2200/2259/32 2189/2248/25 2188/2247/24 2201/2260/33
f 2187/2246/47 2190/2249/47 2196/2255/47 2192/2251/47
f 2199/2258/48 2201/2260/48 2188/2247/48 2186/2245/48
f 2206/2265/21 2194/2253/21 2189/2248/21 2200/2259/21
f 2193/2252/49 2195/2254/49 2208/2267/49 2204/2263/49
f 2205/2264/50 2207/2266/50 2202/2261/50 2198/2257/50
f 2209/2268/23 2210/2269/23 2211/2270/23
f 2212/2271/24 2213/2272/25 2214/2273/26
f 2215/2274/27 2216/2275/27 2217/2276/27
f 2218/2277/28 2219/2278/29 2220/2279/30
f 2221/2280/31 2222/2281/31 2223/2282/31
f 2224/2283/32 2225/2284/33 2226/2285/34
f 2227/2286/35 2228/2287/35 2229/2288/35
f 2230/2289/36 2231/2290/37 2232/2291/38
f 2215/2274/39 2209/2268/39 2211/2270/39 2216/2275/39
f 2210/2269/40 2212/2271/40 2214/2273/40 2211/2270/40
f 2213/2272/25 2218/2277/28 2220/2279/30 2214/2273/26
f 2219/2278/41 2217/2276/41 2216/2275/41 2220/2279/41
f 2227/2286/42 2215/2274/42 2217/2276/42 2228/2287/42
f 2218/2277/28 2230/2289/36 2232/2291/38 2219/2278/29
f 2231/2290/43 2229/2288/43 2228/2287/43 2232/2291/43
f 2221/2280/44 2227/2286/44 2229/2288/44 2222/2281/44
f 2230/2289/36 2224/2283/32 2226/2285/34 2231/2290/37
f 2225/2284/45 2223/2282/45 2222/2281/45 2226/2285/45
f 2209/2268/46 2221/2280/46 2223/2282/46 2210/2269/46
f 2224/2283/32 2213/2272/25 2212/2271/24 2225/2284/33
f 2211/2270/47 2214/2273/47 2220/2279/47 2216/2275/47
f 2223/2282/48 2225/2284/48 2212/2271/48 2210/2269/48
f 2230/2289/21 2218/2277/21 2213/2272/21 2224/2283/21
f 2217/2276/49 2219/2278/49 2232/2291/49 2228/2287/49
f 2229/2288/50 2231/2290/50 2226/2285/50 2222/2281/50
f 2233/2292/23 2234/2293/23 2235/2294/23
f 2236/2295/24 2237/2296/25 2238/2297/26
f 2239/2298/27 2240/2299/27 2241/2300/27
f 2242/2301/28 2243/2302/29 2244/2303/30
f 2245/2304/31 2246/2305/31 2247/2306/31
f 2248/2307/32 2249/2308/33 2250/2309/34
f 2251/2310/35 2252/2311/35 2253/2312/35
f 2254/2313/36 2255/2314/37 2256/2315/38
f 2239/2298/39 2233/2292/39 2235/2294/39 2240/2299/39
f 2234/2293/40 2236/2295/40 2238/2297/40 2235/2294/40
f 2237/2296/25 2242/2301/28 2244/2303/30 2238/2297/26
f 2243/2302/41 2241/2300/41 2240/2299/41 2244/2303/41
f 2251/2310/42 2239/2298/42 2241/2300/42 2252/2311/42
f 2242/2301/28 2254/2313/36 2256/2315/38 2243/2302/29
f 2255/2314/43 2253/2312/43 2252/2311/43 2256/2315/43
f 2245/2304/44 2251/2310/44 2253/2312/44 2246/2305/44
f 2254/2313/36 2248/2307/32 2250/2309/34 2255/2314/37
f 2249/2308/45 2247/2306/45 2246/2305/45 2250/2309/45
f 2233/2292/46 2245/2304/46 2247/2306/46 2234/2293/46
f 2248/2307/32 2237/2296/25 2236/2295/24 2249/2308/33
f 2235/2294/47 2238/2297/47 2244/2303/47 2240/2299/47
f 2247/2306/48 2249/2308/48 2236/2295/48 2234/2293/48
f 2254/2313/21 2242/2301/21 2237/2296/21 2248/2307/21
f 2241/2300/49 2243/2302/49 2256/2315/49 2252/2311/49
f 2253/2312/50 2255/2314/50 2250/2309/50 2246/2305/50
f 2257/2316/23 2258/2317/23 2259/2318/23
f 2260/2319/24 2261/2320/25 2262/2321/26
f 2263/2322/27 2264/2323/27 2265/2324/27
f 2266/2325/28 2267/2326/29 2268/2327/30
f 2269/2328/31 2270/2329/31 2271/2330/31
f 2272/2331/32 2273/2332/33 2274/2333/34
f 2275/2334/35 2276/2335/35 2277/2336/35
f 2278/2337/36 2279/2338/37 2280/2339/38
f 2263/2322/39 2257/2316/39 2259/2318/39 2264/2323/39
f 2258/2317/40 2260/2319/40 2262/2321/40 2259/2318/40
f 2261/2320/25 2266/2325/28 2268/2327/30 2262/2321/26
f 2267/2326/41 2265/2324/41 2264/2323/41 2268/2327/41
f 2275/2334/42 2263/2322/42 2265/2324/42 2276/2335/42
f 2266/2325/28 2278/2337/36 2280/2339/38 2267/2326/29
f 2279/2338/43 2277/2336/43 2276/2335/43 2280/2339/43
f 2269/2328/44 2275/2334/44 2277/2336/44 2270/2329/44
f 2278/2337/36 2272/2331/32 2274/2333/34 2279/2338/37
f 2273/2332/45 2271/2330/45 2270/2329/45 2274/2333/45
f 2257/2316/46 2269/2328/46 2271/2330/46 2258/2317/46
f 2272/2331/32 2261/2320/25 2260/2319/24 2273/2332/33
f 2259/2318/47 2262/2321/47 2268/2327/47 2264/2323/47
f 2271/2330/48 2273/2332/48 2260/2319/48 2258/2317/48
f 2278/2337/21 2266/2325/21 2261/2320/21 2272/2331/21
f 2265/2324/49 2267/2326/49 2280/2339/49 2276/2335/49
f 2277/2336/50 2279/2338/50 2274/2333/50 2270/2329/50
f 2281/2340/23 2282/2341/23 2283/2342/23
f 2284/2343/24 2285/2344/25 2286/2345/26
f 2287/2346/27 2288/2347/27 2289/2348/27
f 2290/2349/28 2291/2350/29 2292/2351/30
f 2293/2352/31 2294/2353/31 2295/2354/31
f 2296/2355/32 2297/2356/33 2298/2357/34
f 2299/2358/35 2300/2359/35 2301/2360/35
f 2302/2361/36 2303/2362/37 2304/2363/38
f 2287/2346/39 2281/2340/39 2283/2342/39 2288/2347/39
f 2282/2341/40 2284/2343/40 2286/2345/40 2283/2342/40
f 2285/2344/25 2290/2349/28 2292/2351/30 2286/2345/26
f 2291/2350/41 2289/2348/41 2288/2347/41 2292/2351/41
f 2299/2358/42 2287/2346/42 2289/2348/42 2300/2359/42
f 2290/2349/28 2302/2361/36 2304/2363/38 2291/2350/29
f 2303/2362/43 2301/2360/43 2300/2359/43 2304/2363/43
f 2293/2352/44 2299/2358/44 2301/2360/44 2294/2353/44
f 2302/2361/36 2296/2355/32 2298/2357/34 2303/2362/37
f 2297/2356/45 2295/2354/45 2294/2353/45 2298/2357/45
f 2281/2340/46 2293/2352/46 2295/2354/46 2282/2341/46
f 2296/2355/32 2285/2344/25 2284/2343/24 2297/2356/33
f 2283/2342/47 2286/2345/47 2292/2351/47 2288/2347/47
f 2295/2354/48 2297/2356/48 2284/2343/48 2282/2341/48
f 2302/2361/21 2290/2349/21 2285/2344/21 2296/2355/21
f 2289/2348/49 2291/2350/49 2304/2363/49 2300/2359/49
f 2301/2360/50 2303/2362/50 2298/2357/50 2294/2353/50
f 2305/2364/23 2306/2365/23 2307/2366/23
f 2308/2367/24 2309/2368/25 2310/2369/26
f 2311/2370/27 2312/2371/27 2313/2372/27
f 2314/2373/28 2315/2374/29 2316/2375/30
f 2317/2376/31 2318/2377/31 2319/2378/31
f 2320/2379/32 2321/2380/33 2322/2381/34
f 2323/2382/35 2324/2383/35 2325/2384/35
f 2326/2385/36 2327/2386/37 2328/2387/38
f 2311/2370/39 2305/2364/39 2307/2366/39 2312/2371/39
f 2306/2365/40 2308/2367/40 2310/2369/40 2307/2366/40
f 2309/2368/25 2314/2373/28 2316/2375/30 2310/2369/26
f 2315/2374/41 2313/2372/41 2312/2371/41 2316/2375/41
f 2323/2382/42 2311/2370/42 2313/2372/42 2324/2383/42
f 2314/2373/28 2326/2385/36 2328/2387/38 2315/2374/29
f 2327/2386/43 2325/2384/43 2324/2383/43 2328/2387/43
f 2317/2376/44 2323/2382/44 2325/2384/44 2318/2377/44
f 2326/2385/36 2320/2379/32 2322/2381/34 2327/2386/37
f 2321/2380/45 2319/2378/45 2318/2377/45 2322/2381/45
f 2305/2364/46 2317/2376/46 2319/2378/46 2306/2365/46
f 2320/2379/32 2309/2368/25 2308/2367/24 2321/2380/33
f 2307/2366/47 2310/2369/47 2316/2375/47 2312/2371/47
f 2319/2378/48 2321/2380/48 2308/2367/48 2306/2365/48
f 2326/2385/21 2314/2373/21 2309/2368/21 2320/2379/21
f 2313/2372/49 2315/2374/49 2328/2387/49 2324/2383/49
f 2325/2384/50 2327/2386/50 2322/2381/50 2318/2377/50
f 2329/2388/23 2330/2389/23 2331/2390/23
f 2332/2391/24 2333/2392/25 2334/2393/26
f 2335/2394/27 2336/2395/27 2337/2396/27
f 2338/2397/28 2339/2398/29 2340/2399/30
f 2341/2400/31 2342/2401/31 2343/2402/31
f 2344/2403/32 2345/2404/33 2346/2405/34
f 2347/2406/35 2348/2407/35 2349/2408/35
f 2350/2409/36 2351/2410/37 2352/2411/38
f 2335/2394/39 2329/2388/39 2331/2390/39 2336/2395/39
f 2330/2389/40 2332/2391/40 2334/2393/40 2331/2390/40
f 2333/2392/25 2338/2397/28 2340/2399/30 2334/2393/26
f 2339/2398/41 2337/2396/41 2336/2395/41 2340/2399/41
f 2347/2406/42 2335/2394/42 2337/2396/42 2348/2407/42
f 2338/2397/28 2350/2409/36 2352/2411/38 2339/2398/29
f 2351/2410/43 2349/2408/43 2348/2407/43 2352/2411/43
f 2341/2400/44 2347/2406/44 2349/2408/44 2342/2401/44
f 2350/2409/36 2344/2403/32 2346/2405/34 2351/2410/37
f 2345/2404/45 2343/2402/45 2342/2401/45 2346/2405/45
f 2329/2388/46 2341/2400/46 2343/2402/46 2330/2389/46
f 2344/2403/32 2333/2392/25 2332/2391/24 2345/2404/33
f 2331/2390/47 2334/2393/47 2340/2399/47 2336/2395/47
f 2343/2402/48 2345/2404/48 2332/2391/48 2330/2389/48
f 2350/2409/21 2338/2397/21 2333/2392/21 2344/2403/21
f 2337/2396/49 2339/2398/49 2352/2411/49 2348/2407/49
f 2349/2408/50 2351/2410/50 2346/2405/50 2342/2401/50
f 2353/2412/23 2354/2413/23 2355/2414/23
f 2356/2415/24 2357/2416/25 2358/2417/26
f 2359/2418/27 2360/2419/27 2361/2420/27
f 2362/2421/28 2363/2422/29 2364/2423/30
f 2365/2424/31 2366/2425/31 2367/2426/31
f 2368/2427/32 2369/2428/33 2370/2429/34
f 2371/2430/35 2372/2431/35 2373/2432/35
f 2374/2433/36 2375/2434/37 2376/2435/38
f 2359/2418/39 2353/2412/39 2355/2414/39 2360/2419/39
f 2354/2413/40 2356/2415/40 2358/2417/40 2355/2414/40
f 2357/2416/25 2362/2421/28 2364/2423/30 2358/2417/26
f 2363/2422/41 2361/2420/41 2360/2419/41 2364/2423/41
f 2371/2430/42 2359/2418/42 2361/2420/42 2372/2431/42
f 2362/2421/28 2374/2433/36 2376/2435/38 2363/2422/29
f 2375/2434/43 2373/2432/43 2372/2431/43 2376/2435/43
f 2365/2424/44 2371/2430/44 2373/2432/44 2366/2425/44
f 2374/2433/36 2368/2427/32 2370/2429/34 2375/2434/37
f 2369/2428/45 2367/2426/45 2366/2425/45 2370/2429/45
f 2353/2412/46 2365/2424/46 2367/2426/46 2354/2413/46
f 2368/2427/32 2357/2416/25 2356/2415/24 2369/2428/33
f 2355/2414/47 2358/2417/47 2364/2423/47 2360/2419/47
f 2367/2426/48 2369/2428/48 2356/2415/48 2354/2413/48
f 2374/2433/21 2362/2421/21 2357/2416/21 2368/2427/21
f 2361/2420/49 2363/2422/49 2376/2435/49 2372/2431/49
f 2373/2432/50 2375/2434/50 2370/2429/50 2366/2425/50
f 2377/2436/23 2378/2437/23 2379/2438/23
f 2380/2439/24 2381/2440/25 2382/2441/26
f 2383/2442/27 2384/2443/27 2385/2444/27
f 2386/2445/28 2387/2446/29 2388/2447/30
f 2389/2448/31 2390/2449/31 2391/2450/31
f 2392/2451/32 2393/2452/33 2394/2453/34
f 2395/2454/35 2396/2455/35 2397/2456/35
f 2398/2457/36 2399/2458/37 2400/2459/38
f 2383/2442/39 2377/2436/39 2379/2438/39 2384/2443/39
f 2378/2437/40 2380/2439/40 2382/2441/40 2379/2438/40
f 2381/2440/25 2386/2445/28 2388/2447/30 2382/2441/26
f 2387/2446/41 2385/2444/41 2384/2443/41 2388/2447/41
f 2395/2454/42 2383/2442/42 2385/2444/42 2396/2455/42
f 2386/2445/28 2398/2457/36 2400/2459/38 2387/2446/29
f 2399/2458/43 2397/2456/43 2396/2455/43 2400/2459/43
f 2389/2448/44 2395/2454/44 2397/2456/44 2390/2449/44
f 2398/2457/36 2392/2451/32 2394/2453/34 2399/2458/37
f 2393/2452/45 2391/2450/45 2390/2449/45 2394/2453/45
f 2377/2436/46 2389/2448/46 2391/2450/46 2378/2437/46
f 2392/2451/32 2381/2440/25 2380/2439/24 2393/2452/33
f 2379/2438/47 2382/2441/47 2388/2447/47 2384/2443/47
f 2391/2450/48 2393/2452/48 2380/2439/48 2378/2437/48
f 2398/2457/21 2386/2445/21 2381/2440/21 2392/2451/21
f 2385/2444/49 2387/2446/49 2400/2459/49 2396/2455/49
f 2397/2456/50 2399/2458/50 2394/2453/50 2390/2449/50
f 2401/2460/23 2402/2461/23 2403/2462/23
f 2404/2463/24 2405/2464/25 2406/2465/26
f 2407/2466/27 2408/2467/27 2409/2468/27
f 2410/2469/28 2411/2470/29 2412/2471/30
f 2413/2472/31 2414/2473/31 2415/2474/31
f 2416/2475/32 2417/2476/33 2418/2477/34
f 2419/2478/35 2420/2479/35 2421/2480/35
f 2422/2481/36 2423/2482/37 2424/2483/38
f 2407/2466/39 2401/2460/39 2403/2462/39 2408/2467/39
f 2402/2461/40 2404/2463/40 2406/2465/40 2403/2462/40
f 2405/2464/25 2410/2469/28 2412/2471/30 2406/2465/26
f 2411/2470/41 2409/2468/41 2408/2467/41 2412/2471/41
f 2419/2478/42 2407/2466/42 2409/2468/42 2420/2479/42
f 2410/2469/28 2422/2481/36 2424/2483/38 2411/2470/29
f 2423/2482/43 2421/2480/43 2420/2479/43 2424/2483/43
f 2413/2472/44 2419/2478/44 2421/2480/44 2414/2473/44
f 2422/2481/36 2416/2475/32 2418/2477/34 2423/2482/37
f 2417/2476/45 2415/2474/45 2414/2473/45 2418/2477/45
f 2401/2460/46 2413/2472/46 2415/2474/46 2402/2461/46
f 2416/2475/32 2405/2464/25 2404/2463/24 2417/2476/33
f 2403/2462/47 2406/2465/47 2412/2471/47 2408/2467/47
f 2415/2474/48 2417/2476/48 2404/2463/48 2402/2461/48
f 2422/2481/21 2410/2469/21 2405/2464/21 2416/2475/21
f 2409/2468/49 2411/2470/49 2424/2483/49 2420/2479/49
f 2421/2480/50 2423/2482/50 2418/2477/50 2414/2473/50
f 2425/2484/23 2426/2485/23 2427/2486/23
f 2428/2487/24 2429/2488/25 2430/2489/26
f 2431/2490/27 2432/2491/27 2433/2492/27
f 2434/2493/28 2435/2494/29 2436/2495/30
f 2437/2496/31 2438/2497/31 2439/2498/31
f 2440/2499/32 2441/2500/33 2442/2501/34
f 2443/2502/35 2444/2503/35 2445/2504/35
f 2446/2505/36 2447/2506/37 2448/2507/38
f 2431/2490/39 2425/2484/39 2427/2486/39 2432/2491/39
f 2426/2485/40 2428/2487/40 2430/2489/40 2427/2486/40
f 2429/2488/25 2434/2493/28 2436/2495/30 2430/2489/26
f 2435/2494/41 2433/2492/41 2432/2491/41 2436/2495/41
f 2443/2502/42 2431/2490/42 2433/2492/42 2444/2503/42
f 2434/2493/28 2446/2505/36 2448/2507/38 2435/2494/29
f 2447/2506/43 2445/2504/43 2444/2503/43 2448/2507/43
f 2437/2496/44 2443/2502/44 2445/2504/44 2438/2497/44
f 2446/2505/36 2440/2499/32 2442/2501/34 2447/2506/37
f 2441/2500/45 2439/2498/45 2438/2497/45 2442/2501/45
f 2425/2484/46 2437/2496/46 2439/2498/46 2426/2485/46
f 2440/2499/32 2429/2488/25 2428/2487/24 2441/2500/33
f 2427/2486/47 2430/2489/47 2436/2495/47 2432/2491/47
f 2439/2498/48 2441/2500/48 2428/2487/48 2426/2485/48
f 2446/2505/21 2434/2493/21 2429/2488/21 2440/2499/21
f 2433/2492/49 2435/2494/49 2448/2507/49 2444/2503/49
f 2445/2504/50 2447/2506/50 2442/2501/50 2438/2497/50
f 2449/2508/23 2450/2509/23 2451/2510/23
f 2452/2511/24 2453/2512/25 2454/2513/26
f 2455/2514/27 2456/2515/27 2457/2516/27
f 2458/2517/28 2459/2518/29 2460/2519/30
f 2461/2520/31 2462/2521/31 2463/2522/31
f 2464/2523/32 2465/2524/33 2466/2525/34
f 2467/2526/35 2468/2527/35 2469/2528/35
f 2470/2529/36 2471/2530/37 2472/2531/38
f 2455/2514/39 2449/2508/39 2451/2510/39 2456/2515/39
f 2450/2509/40 2452/2511/40 2454/2513/40 2451/2510/40
f 2453/2512/25 2458/2517/28 2460/2519/30 2454/2513/26
f 2459/2518/41 2457/2516/41 2456/2515/41 2460/2519/41
f 2467/2526/42 2455/2514/42 2457/2516/42 2468/2527/42
f 2458/2517/28 2470/2529/36 2472/2531/38 2459/2518/29
f 2471/2530/43 2469/2528/43 2468/2527/43 2472/2531/43
f 2461/2520/44 2467/2526/44 2469/2528/44 2462/2521/44
f 2470/2529/36 2464/2523/32 2466/2525/34 2471/2530/37
f 2465/2524/45 2463/2522/45 2462/2521/45 2466/2525/45
f 2449/2508/46 2461/2520/46 2463/2522/46 2450/2509/46
f 2464/2523/32 2453/2512/25 2452/2511/24 2465/2524/33
f 2451/2510/47 2454/2513/47 2460/2519/47 2456/2515/47
f 2463/2522/48 2465/2524/48 2452/2511/48 2450/2509/48
f 2470/2529/21 2458/2517/21 2453/2512/21 2464/2523/21
f 2457/2516/49 2459/2518/49 2472/2531/49 2468/2527/49
f 2469/2528/50 2471/2530/50 2466/2525/50 2462/2521/50
f 2473/2532/23 2474/2533/23 2475/2534/23
f 2476/2535/24 2477/2536/25 2478/2537/26
f 2479/2538/27 2480/2539/27 2481/2540/27
f 2482/2541/28 2483/2542/29 2484/2543/30
f 2485/2544/31 2486/2545/31 2487/2546/31
f 2488/2547/32 2489/2548/33 2490/2549/34
f 2491/2550/35 2492/2551/35 2493/2552/35
f 2494/2553/36 2495/2554/37 2496/2555/38
f 2479/2538/39 2473/2532/39 2475/2534/39 2480/2539/39
f 2474/2533/40 2476/2535/40 2478/2537/40 2475/2534/40
f 2477/2536/25 2482/2541/28 2484/2543/30 2478/2537/26
f 2483/2542/41 2481/2540/41 2480/2539/41 2484/2543/41
f 2491/2550/42 2479/2538/42 2481/2540/42 2492/2551/42
f 2482/2541/28 2494/2553/36 2496/2555/38 2483/2542/29
f 2495/2554/43 2493/2552/43 2492/2551/43 2496/2555/43
f 2485/2544/44 2491/2550/44 2493/2552/44 2486/2545/44
f 2494/2553/36 2488/2547/32 2490/2549/34 2495/2554/37
f 2489/2548/45 2487/2546/45 2486/2545/45 2490/2549/45
f 2473/2532/46 2485/2544/46 2487/2546/46 2474/2533/46
f 2488/2547/32 2477/2536/25 2476/2535/24 2489/2548/33
f 2475/2534/47 2478/2537/47 2484/2543/47 2480/2539/47
f 2487/2546/48 2489/2548/48 2476/2535/48 2474/2533/48
f 2494/2553/21 2482/2541/21 2477/2536/21 2488/2547/21
f 2481/2540/49 2483/2542/49 2496/2555/49 2492/2551/49
f 2493/2552/50 2495/2554/50 2490/2549/50 2486/2545/50
f 2497/2556/23 2498/2557/23 2499/2558/23
f 2500/2559/24 2501/2560/25 2502/2561/26
f 2503/2562/27 2504/2563/27 2505/2564/27
f 2506/2565/28 2507/2566/29 2508/2567/30
f 2509/2568/31 2510/2569/31 2511/2570/31
f 2512/2571/32 2513/2572/33 2514/2573/34
f 2515/2574/35 2516/2575/35 2517/2576/35
f 2518/2577/36 2519/2578/37 2520/2579/38
f 2503/2562/39 2497/2556/39 2499/2558/39 2504/2563/39
f 2498/2557/40 2500/2559/40 2502/2561/40 2499/2558/40
f 2501/2560/25 2506/2565/28 2508/2567/30 2502/2561/26
f 2507/2566/41 2505/2564/41 2504/2563/41 2508/2567/41
f 2515/2574/42 2503/2562/42 2505/2564/42 2516/2575/42
f 2506/2565/28 2518/2577/36 2520/2579/38 2507/2566/29
f 2519/2578/43 2517/2576/43 2516/2575/43 2520/2579/43
f 2509/2568/44 2515/2574/44 2517/2576/44 2510/2569/44
f 2518/2577/36 2512/2571/32 2514/2573/34 2519/2578/37
f 2513/2572/45 2511/2570/45 2510/2569/45 2514/2573/45
f 2497/2556/46 2509/2568/46 2511/2570/46 2498/2557/46
f 2512/2571/32 2501/2560/25 2500/2559/24 2513/2572/33
f 2499/2558/47 2502/2561/47 2508/2567/47 2504/2563/47
f 2511/2570/48 2513/2572/48 2500/2559/48 2498/2557/48
f 2518/2577/21 2506/2565/21 2501/2560/21 2512/2571/21
f 2505/2564/49 2507/2566/49 2520/2579/49 2516/2575/49
f 2517/2576/50 2519/2578/50 2514/2573/50 2510/2569/50
f 2521/2580/23 2522/2581/23 2523/2582/23
f 2524/2583/24 2525/2584/25 2526/2585/26
f 2527/2586/27 2528/2587/27 2529/2588/27
f 2530/2589/28 2531/2590/29 2532/2591/30
f 2533/2592/31 2534/2593/31 2535/2594/31
f 2536/2595/32 2537/2596/33 2538/2597/34
f 2539/2598/35 2540/2599/35 2541/2600/35
f 2542/2601/36 2543/2602/37 2544/2603/38
f 2527/2586/39 2521/2580/39 2523/2582/39 2528/2587/39
f 2522/2581/40 2524/2583/40 2526/2585/40 2523/2582/40
f 2525/2584/25 2530/2589/28 2532/2591/30 2526/2585/26
f 2531/2590/41 2529/2588/41 2528/2587/41 2532/2591/41
f 2539/2598/42 2527/2586/42 2529/2588/42 2540/2599/42
f 2530/2589/28 2542/2601/36 2544/2603/38 2531/2590/29
f 2543/2602/43 2541/2600/43 2540/2599/43 2544/2603/43
f 2533/2592/44 2539/2598/44 2541/2600/44 2534/2593/44
f 2542/2601/36 2536/2595/32 2538/2597/34 2543/2602/37
f 2537/2596/45 2535/2594/45 2534/2593/45 2538/2597/45
f 2521/2580/46 2533/2592/46 2535/2594/46 2522/2581/46
f 2536/2595/32 2525/2584/25 2524/2583/24 2537/2596/33
f 2523/2582/47 2526/2585/47 2532/2591/47 2528/2587/47
f 2535/2594/48 2537/2596/48 2524/2583/48 2522/2581/48
f 2542/2601/21 2530/2589/21 2525/2584/21 2536/2595/21
f 2529/2588/49 2531/2590/49 2544/2603/49 2540/2599/49
f 2541/2600/50 2543/2602/50 2538/2597/50 2534/2593/50
f 2545/2604/23 2546/2605/23 2547/2606/23
f 2548/2607/24 2549/2608/25 2550/2609/26
f 2551/2610/27 2552/2611/27 2553/2612/27
f 2554/2613/28 2555/2614/29 2556/2615/30
f 2557/2616/31 2558/2617/31 2559/2618/31
f 2560/2619/32 2561/2620/33 2562/2621/34
f 2563/2622/35 2564/2623/35 2565/2624/35
f 2566/2625/36 2567/2626/37 2568/2627/38
f 2551/2610/39 2545/2604/39 2547/2606/39 2552/2611/39
f 2546/2605/40 2548/2607/40 2550/2609/40 2547/2606/40
f 2549/2608/25 2554/2613/28 2556/2615/30 2550/2609/26
f 2555/2614/41 2553/2612/41 2552/2611/41 2556/2615/41
f 2563/2622/42 2551/2610/42 2553/2612/42 2564/2623/42
f 2554/2613/28 2566/2625/36 2568/2627/38 2555/2614/29
f 2567/2626/43 2565/2624/43 2564/2623/43 2568/2627/43
f 2557/2616/44 2563/2622/44 2565/2624/44 2558/2617/44
f 2566/2625/36 2560/2619/32 2562/2621/34 2567/2626/37
f 2561/2620/45 2559/2618/45 2558/2617/45 2562/2621/45
f 2545/2604/46 2557/2616/46 2559/2618/46 2546/2605/46
f 2560/2619/32 2549/2608/25 2548/2607/24 2561/2620/33
f 2547/2606/47 2550/2609/47 2556/2615/47 2552/2611/47
f 2559/2618/48 2561/2620/48 2548/2607/48 2546/2605/48
f 2566/2625/21 2554/2613/21 2549/2608/21 2560/2619/21
f 2553/2612/49 2555/2614/49 2568/2627/49 2564/2623/49
f 2565/2624/50 2567/2626/50 2562/2621/50 2558/2617/50
f 2569/2628/23 2570/2629/23 2571/2630/23
f 2572/2631/24 2573/2632/25 2574/2633/26
f 2575/2634/27 2576/2635/27 2577/2636/27
f 2578/2637/28 2579/2638/29 2580/2639/30
f 2581/2640/31 2582/2641/31 2583/2642/31
f 2584/2643/32 2585/2644/33 2586/2645/34
f 2587/2646/35 2588/2647/35 2589/2648/35
f 2590/2649/36 2591/2650/37 2592/2651/38
f 2575/2634/39 2569/2628/39 2571/2630/39 2576/2635/39
f 2570/2629/40 2572/2631/40 2574/2633/40 2571/2630/40
f 2573/2632/25 2578/2637/28 2580/2639/30 2574/2633/26
f 2579/2638/41 2577/2636/41 2576/2635/41 2580/2639/41
f 2587/2646/42 2575/2634/42 2577/2636/42 2588/2647/42
f 2578/2637/28 2590/2649/36 2592/2651/38 2579/2638/29
f 2591/2650/43 2589/2648/43 2588/2647/43 2592/2651/43
f 2581/2640/44 2587/2646/44 2589/2648/44 2582/2641/44
f 2590/2649/36 2584/2643/32 2586/2645/34 2591/2650/37
f 2585/2644/45 2583/2642/45 2582/2641/45 2586/2645/45
f 2569/2628/46 2581/2640/46 2583/2642/46 2570/2629/46
f 2584/2643/32 2573/2632/25 2572/2631/24 2585/2644/33
f 2571/2630/47 2574/2633/47 2580/2639/47 2576/2635/47
f 2583/2642/48 2585/2644/48 2572/2631/48 2570/2629/48
f 2590/2649/21 2578/2637/21 2573/2632/21 2584/2643/21
f 2577/2636/49 2579/2638/49 2592/2651/49 2588/2647/49
f 2589/2648/50 2591/2650/50 2586/2645/50 2582/2641/50
